Workbook
Name Slicer_Sector: #N/A

Sheet IndiaCPI_Inflation_Cleaned
A1: Sector | B1: Year | C1: Month | D1: Period | E1: Cereals and products | F1: Meat and fish | G1: Egg | H1: Milk and products | I1: Oils and fats | J1: Fruits | K1: Vegetables | L1: Pulses and products | M1: Sugar and Confectionery | N1: Spices | O1: Non-alcoholic beverages | P1: Prepared meals, snacks, sweets etc. | Q1: Food and beverages | R1: Pan, tobacco and intoxicants | S1: Clothing | T1: Footwear | U1: Clothing and footwear | V1: Housing | W1: Fuel and light | X1: Household goods and services | Y1: Health | Z1: Transport and communication | AA1: Recreation and amusement | AB1: Education | AC1: Personal care and effects | AD1: Miscellaneous | AE1: General index
A2: Rural | B2: 2013 | C2: January | D2: =_xlfn.CONCAT(LEFT(Table1[[#This Row],[Month]],3),"-",RIGHT(Table1[[#This Row],[Year]],2)) -> Jan-13 | E2: 107.5 | F2: 106.3 | G2: 108.1 | H2: 104.9 | I2: 106.1 | J2: 103.9 | K2: 101.9 | L2: 106.1 | M2: 106.8 | N2: 103.1 | O2: 104.8 | P2: 106.7 | Q2: 105.5 | R2: 105.1 | S2: 106.5 | T2: 105.8 | U2: 106.4 | V2: NA | W2: 105.5 | X2: 104.8 | Y2: 104 | Z2: 103.3 | AA2: 103.4 | AB2: 103.8 | AC2: 104.7 | AD2: 104 | AE2: 105.1
A3: Urban | B3: 2013 | C3: January | D3: =_xlfn.CONCAT(LEFT(Table1[[#This Row],[Month]],3),"-",RIGHT(Table1[[#This Row],[Year]],2)) -> Jan-13 | E3: 110.5 | F3: 109.1 | G3: 113 | H3: 103.6 | I3: 103.4 | J3: 102.3 | K3: 102.9 | L3: 105.8 | M3: 105.1 | N3: 101.8 | O3: 105.1 | P3: 107.9 | Q3: 105.9 | R3: 105.2 | S3: 105.9 | T3: 105 | U3: 105.8 | V3: 100.3 | W3: 105.4 | X3: 104.8 | Y3: 104.1 | Z3: 103.2 | AA3: 102.9 | AB3: 103.5 | AC3: 104.3 | AD3: 103.7 | AE3: 104
A4: Rural+Urban | B4: 2013 | C4: January | D4: =_xlfn.CONCAT(LEFT(Table1[[#This Row],[Month]],3),"-",RIGHT(Table1[[#This Row],[Year]],2)) -> Jan-13 | E4: 108.4 | F4: 107.3 | G4: 110 | H4: 104.4 | I4: 105.1 | J4: 103.2 | K4: 102.2 | L4: 106 | M4: 106.2 | N4: 102.7 | O4: 104.9 | P4: 107.3 | Q4: 105.6 | R4: 105.1 | S4: 106.3 | T4: 105.5 | U4: 106.2 | V4: 100.3 | W4: 105.5 | X4: 104.8 | Y4: 104 | Z4: 103.2 | AA4: 103.1 | AB4: 103.6 | AC4: 104.5 | AD4: 103.9 | AE4: 104.6
A5: Rural | B5: 2013 | C5: February | D5: =_xlfn.CONCAT(LEFT(Table1[[#This Row],[Month]],3),"-",RIGHT(Table1[[#This Row],[Year]],2)) -> Feb-13 | E5: 109.2 | F5: 108.7 | G5: 110.2 | H5: 105.4 | I5: 106.7 | J5: 104 | K5: 102.4 | L5: 105.9 | M5: 105.7 | N5: 103.1 | O5: 105.1 | P5: 107.7 | Q5: 106.3 | R5: 105.6 | S5: 107.1 | T5: 106.3 | U5: 107 | V5: NA | W5: 106.2 | X5: 105.2 | Y5: 104.4 | Z5: 103.9 | AA5: 104 | AB5: 104.1 | AC5: 104.6 | AD5: 104.4 | AE5: 105.8
A6: Urban | B6: 2013 | C6: February | D6: =_xlfn.CONCAT(LEFT(Table1[[#This Row],[Month]],3),"-",RIGHT(Table1[[#This Row],[Year]],2)) -> Feb-13 | E6: 112.9 | F6: 112.9 | G6: 116.9 | H6: 104 | I6: 103.5 | J6: 103.1 | K6: 104.9 | L6: 104.1 | M6: 103.8 | N6: 102.3 | O6: 106 | P6: 109 | Q6: 107.2 | R6: 106 | S6: 106.6 | T6: 105.5 | U6: 106.4 | V6: 100.4 | W6: 105.7 | X6: 105.2 | Y6: 104.7 | Z6: 104.4 | AA6: 103.3 | AB6: 103.7 | AC6: 104.3 | AD6: 104.3 | AE6: 104.7
A7: Rural+Urban | B7: 2013 | C7: February | D7: =_xlfn.CONCAT(LEFT(Table1[[#This Row],[Month]],3),"-",RIGHT(Table1[[#This Row],[Year]],2)) -> Feb-13 | E7: 110.4 | F7: 110.2 | G7: 112.8 | H7: 104.9 | I7: 105.5 | J7: 103.6 | K7: 103.2 | L7: 105.3 | M7: 105.1 | N7: 102.8 | O7: 105.5 | P7: 108.3 | Q7: 106.6 | R7: 105.7 | S7: 106.9 | T7: 106 | U7: 106.8 | V7: 100.4 | W7: 106 | X7: 105.2 | Y7: 104.5 | Z7: 104.2 | AA7: 103.6 | AB7: 103.9 | AC7: 104.5 | AD7: 104.4 | AE7: 105.3
A8: Rural | B8: 2013 | C8: March | D8: =_xlfn.CONCAT(LEFT(Table1[[#This Row],[Month]],3),"-",RIGHT(Table1[[#This Row],[Year]],2)) -> Mar-13 | E8: 110.2 | F8: 108.8 | G8: 109.9 | H8: 105.6 | I8: 106.2 | J8: 105.7 | K8: 101.4 | L8: 105.7 | M8: 105 | N8: 103.3 | O8: 105.6 | P8: 108.2 | Q8: 106.6 | R8: 106.5 | S8: 107.6 | T8: 106.8 | U8: 107.5 | V8: NA | W8: 106.1 | X8: 105.6 | Y8: 104.7 | Z8: 104.6 | AA8: 104 | AB8: 104.3 | AC8: 104.3 | AD8: 104.6 | AE8: 106
A9: Urban | B9: 2013 | C9: March | D9: =_xlfn.CONCAT(LEFT(Table1[[#This Row],[Month]],3),"-",RIGHT(Table1[[#This Row],[Year]],2)) -> Mar-13 | E9: 113.9 | F9: 111.4 | G9: 113.2 | H9: 104.3 | I9: 102.7 | J9: 104.9 | K9: 103.8 | L9: 103.5 | M9: 102.6 | N9: 102.4 | O9: 107 | P9: 109.8 | Q9: 107.3 | R9: 106.8 | S9: 107.2 | T9: 106 | U9: 107 | V9: 100.4 | W9: 106 | X9: 105.7 | Y9: 105.2 | Z9: 105.5 | AA9: 103.5 | AB9: 103.8 | AC9: 104.2 | AD9: 104.9 | AE9: 105
A10: Rural+Urban | B10: 2013 | C10: March | D10: =_xlfn.CONCAT(LEFT(Table1[[#This Row],[Month]],3),"-",RIGHT(Table1[[#This Row],[Year]],2)) -> Mar-13 | E10: 111.4 | F10: 109.7 | G10: 111.2 | H10: 105.1 | I10: 104.9 | J10: 105.3 | K10: 102.2 | L10: 105 | M10: 104.2 | N10: 103 | O10: 106.2 | P10: 108.9 | Q10: 106.9 | R10: 106.6 | S10: 107.4 | T10: 106.5 | U10: 107.3 | V10: 100.4 | W10: 106.1 | X10: 105.6 | Y10: 104.9 | Z10: 105.1 | AA10: 103.7 | AB10: 104 | AC10: 104.3 | AD10: 104.7 | AE10: 105.5
A11: Rural | B11: 2013 | C11: April | D11: =_xlfn.CONCAT(LEFT(Table1[[#This Row],[Month]],3),"-",RIGHT(Table1[[#This Row],[Year]],2)) -> Apr-13 | E11: 110.2 | F11: 109.5 | G11: 106.9 | H11: 106.3 | I11: 105.7 | J11: 108.3 | K11: 103.4 | L11: 105.7 | M11: 104.2 | N11: 103.2 | O11: 106.5 | P11: 108.8 | Q11: 107.1 | R11: 107.1 | S11: 108.1 | T11: 107.4 | U11: 108 | V11: NA | W11: 106.5 | X11: 106.1 | Y11: 105.1 | Z11: 104.4 | AA11: 104.5 | AB11: 104.8 | AC11: 102.7 | AD11: 104.6 | AE11: 106.4
A12: Urban | B12: 2013 | C12: April | D12: =_xlfn.CONCAT(LEFT(Table1[[#This Row],[Month]],3),"-",RIGHT(Table1[[#This Row],[Year]],2)) -> Apr-13 | E12: 114.6 | F12: 113.4 | G12: 106 | H12: 104.7 | I12: 102.1 | J12: 109.5 | K12: 109.7 | L12: 104.6 | M12: 102 | N12: 103.5 | O12: 108.2 | P12: 110.6 | Q12: 108.8 | R12: 108.5 | S12: 107.9 | T12: 106.4 | U12: 107.7 | V12: 100.5 | W12: 106.4 | X12: 106.5 | Y12: 105.7 | Z12: 105 | AA12: 104 | AB12: 105.2 | AC12: 103.2 | AD12: 105.1 | AE12: 105.7
A13: Rural+Urban | B13: 2013 | C13: April | D13: =_xlfn.CONCAT(LEFT(Table1[[#This Row],[Month]],3),"-",RIGHT(Table1[[#This Row],[Year]],2)) -> Apr-13 | E13: 111.6 | F13: 110.9 | G13: 106.6 | H13: 105.7 | I13: 104.4 | J13: 108.9 | K13: 105.5 | L13: 105.3 | M13: 103.5 | N13: 103.3 | O13: 107.2 | P13: 109.6 | Q13: 107.7 | R13: 107.5 | S13: 108 | T13: 107 | U13: 107.9 | V13: 100.5 | W13: 106.5 | X13: 106.3 | Y13: 105.3 | Z13: 104.7 | AA13: 104.2 | AB13: 105 | AC13: 102.9 | AD13: 104.8 | AE13: 106.1
A14: Rural | B14: 2013 | C14: May | D14: =_xlfn.CONCAT(LEFT(Table1[[#This Row],[Month]],3),"-",RIGHT(Table1[[#This Row],[Year]],2)) -> May-13 | E14: 110.9 | F14: 109.8 | G14: 105.9 | H14: 107.5 | I14: 105.3 | J14: 108.1 | K14: 107.3 | L14: 106.1 | M14: 103.7 | N14: 104 | O14: 107.4 | P14: 109.9 | Q14: 108.1 | R14: 108.1 | S14: 108.8 | T14: 107.9 | U14: 108.6 | V14: NA | W14: 107.5 | X14: 106.8 | Y14: 105.7 | Z14: 104.1 | AA14: 105 | AB14: 105.5 | AC14: 102.1 | AD14: 104.8 | AE14: 107.2
A15: Urban | B15: 2013 | C15: May | D15: =_xlfn.CONCAT(LEFT(Table1[[#This Row],[Month]],3),"-",RIGHT(Table1[[#This Row],[Year]],2)) -> May-13 | E15: 115.4 | F15: 114.2 | G15: 102.7 | H15: 105.5 | I15: 101.5 | J15: 110.6 | K15: 123.7 | L15: 105.2 | M15: 101.9 | N15: 105 | O15: 109.1 | P15: 111.3 | Q15: 111.1 | R15: 109.8 | S15: 108.5 | T15: 106.7 | U15: 108.3 | V15: 100.5 | W15: 107.2 | X15: 107.1 | Y15: 106.2 | Z15: 103.9 | AA15: 104.6 | AB15: 105.7 | AC15: 102.6 | AD15: 104.9 | AE15: 106.6
A16: Rural+Urban | B16: 2013 | C16: May | D16: =_xlfn.CONCAT(LEFT(Table1[[#This Row],[Month]],3),"-",RIGHT(Table1[[#This Row],[Year]],2)) -> May-13 | E16: 112.3 | F16: 111.3 | G16: 104.7 | H16: 106.8 | I16: 103.9 | J16: 109.3 | K16: 112.9 | L16: 105.8 | M16: 103.1 | N16: 104.3 | O16: 108.1 | P16: 110.5 | Q16: 109.2 | R16: 108.6 | S16: 108.7 | T16: 107.4 | U16: 108.5 | V16: 100.5 | W16: 107.4 | X16: 106.9 | Y16: 105.9 | Z16: 104 | AA16: 104.8 | AB16: 105.6 | AC16: 102.3 | AD16: 104.8 | AE16: 106.9
A17: Rural | B17: 2013 | C17: June | D17: =_xlfn.CONCAT(LEFT(Table1[[#This Row],[Month]],3),"-",RIGHT(Table1[[#This Row],[Year]],2)) -> Jun-13 | E17: 112.3 | F17: 112.1 | G17: 108.1 | H17: 108.3 | I17: 105.9 | J17: 109.2 | K17: 118 | L17: 106.8 | M17: 104.1 | N17: 105.4 | O17: 108.2 | P17: 111 | Q17: 110.6 | R17: 109 | S17: 109.7 | T17: 108.8 | U17: 109.5 | V17: NA | W17: 108.5 | X17: 107.5 | Y17: 106.3 | Z17: 105 | AA17: 105.6 | AB17: 106.5 | AC17: 102.5 | AD17: 105.5 | AE17: 108.9
A18: Urban | B18: 2013 | C18: June | D18: =_xlfn.CONCAT(LEFT(Table1[[#This Row],[Month]],3),"-",RIGHT(Table1[[#This Row],[Year]],2)) -> Jun-13 | E18: 117 | F18: 120.1 | G18: 112.5 | H18: 107.3 | I18: 101.3 | J18: 112.4 | K18: 143.6 | L18: 105.4 | M18: 101.4 | N18: 106.4 | O18: 110 | P18: 112.2 | Q18: 115 | R18: 110.9 | S18: 109.2 | T18: 107.2 | U18: 108.9 | V18: 106.6 | W18: 108 | X18: 107.7 | Y18: 106.5 | Z18: 105.2 | AA18: 105.2 | AB18: 108.1 | AC18: 103.3 | AD18: 106.1 | AE18: 109.7
A19: Rural+Urban | B19: 2013 | C19: June | D19: =_xlfn.CONCAT(LEFT(Table1[[#This Row],[Month]],3),"-",RIGHT(Table1[[#This Row],[Year]],2)) -> Jun-13 | E19: 113.8 | F19: 114.9 | G19: 109.8 | H19: 107.9 | I19: 104.2 | J19: 110.7 | K19: 126.7 | L19: 106.3 | M19: 103.2 | N19: 105.7 | O19: 109 | P19: 111.6 | Q19: 112.2 | R19: 109.5 | S19: 109.5 | T19: 108.1 | U19: 109.3 | V19: 106.6 | W19: 108.3 | X19: 107.6 | Y19: 106.4 | Z19: 105.1 | AA19: 105.4 | AB19: 107.4 | AC19: 102.8 | AD19: 105.8 | AE19: 109.3
A20: Rural | B20: 2013 | C20: July | D20: =_xlfn.CONCAT(LEFT(Table1[[#This Row],[Month]],3),"-",RIGHT(Table1[[#This Row],[Year]],2)) -> Jul-13 | E20: 113.4 | F20: 114.9 | G20: 110.5 | H20: 109.3 | I20: 106.2 | J20: 110.3 | K20: 129.2 | L20: 107.1 | M20: 104.3 | N20: 106.4 | O20: 109.1 | P20: 112.1 | Q20: 113.1 | R20: 109.8 | S20: 110.5 | T20: 109.5 | U20: 110.3 | V20: NA | W20: 109.5 | X20: 108.3 | Y20: 106.9 | Z20: 106.8 | AA20: 106.4 | AB20: 107.8 | AC20: 102.5 | AD20: 106.5 | AE20: 110.7
A21: Urban | B21: 2013 | C21: July | D21: =_xlfn.CONCAT(LEFT(Table1[[#This Row],[Month]],3),"-",RIGHT(Table1[[#This Row],[Year]],2)) -> Jul-13 | E21: 117.8 | F21: 119.2 | G21: 114 | H21: 108.3 | I21: 101.1 | J21: 113.2 | K21: 160.9 | L21: 105.1 | M21: 101.3 | N21: 107.5 | O21: 110.4 | P21: 113.1 | Q21: 117.5 | R21: 111.7 | S21: 109.8 | T21: 107.8 | U21: 109.5 | V21: 107.7 | W21: 108.6 | X21: 108.1 | Y21: 107.1 | Z21: 107.3 | AA21: 105.9 | AB21: 110.1 | AC21: 103.2 | AD21: 107.3 | AE21: 111.4
A22: Rural+Urban | B22: 2013 | C22: July | D22: =_xlfn.CONCAT(LEFT(Table1[[#This Row],[Month]],3),"-",RIGHT(Table1[[#This Row],[Year]],2)) -> Jul-13 | E22: 114.8 | F22: 116.4 | G22: 111.9 | H22: 108.9 | I22: 104.3 | J22: 111.7 | K22: 140 | L22: 106.4 | M22: 103.3 | N22: 106.8 | O22: 109.6 | P22: 112.6 | Q22: 114.7 | R22: 110.3 | S22: 110.2 | T22: 108.8 | U22: 110 | V22: 107.7 | W22: 109.2 | X22: 108.2 | Y22: 107 | Z22: 107.1 | AA22: 106.1 | AB22: 109.1 | AC22: 102.8 | AD22: 106.9 | AE22: 111
A23: Rural | B23: 2013 | C23: August | D23: =_xlfn.CONCAT(LEFT(Table1[[#This Row],[Month]],3),"-",RIGHT(Table1[[#This Row],[Year]],2)) -> Aug-13 | E23: 114.3 | F23: 115.4 | G23: 111.1 | H23: 110 | I23: 106.4 | J23: 110.8 | K23: 138.9 | L23: 107.4 | M23: 104.1 | N23: 106.9 | O23: 109.7 | P23: 112.6 | Q23: 114.9 | R23: 110.7 | S23: 111.3 | T23: 110.2 | U23: 111.1 | V23: NA | W23: 109.9 | X23: 108.7 | Y23: 107.5 | Z23: 107.8 | AA23: 106.8 | AB23: 108.7 | AC23: 105 | AD23: 107.5 | AE23: 112.1
A24: Urban | B24: 2013 | C24: August | D24: =_xlfn.CONCAT(LEFT(Table1[[#This Row],[Month]],3),"-",RIGHT(Table1[[#This Row],[Year]],2)) -> Aug-13 | E24: 118.3 | F24: 120.4 | G24: 112.7 | H24: 108.9 | I24: 101.1 | J24: 108.7 | K24: 177 | L24: 104.7 | M24: 101 | N24: 108.5 | O24: 110.9 | P24: 114.3 | Q24: 119.6 | R24: 112.4 | S24: 110.6 | T24: 108.3 | U24: 110.2 | V24: 108.9 | W24: 109.3 | X24: 108.7 | Y24: 107.6 | Z24: 108.1 | AA24: 106.5 | AB24: 110.8 | AC24: 106 | AD24: 108.3 | AE24: 112.7
A25: Rural+Urban | B25: 2013 | C25: August | D25: =_xlfn.CONCAT(LEFT(Table1[[#This Row],[Month]],3),"-",RIGHT(Table1[[#This Row],[Year]],2)) -> Aug-13 | E25: 115.6 | F25: 117.2 | G25: 111.7 | H25: 109.6 | I25: 104.5 | J25: 109.8 | K25: 151.8 | L25: 106.5 | M25: 103.1 | N25: 107.4 | O25: 110.2 | P25: 113.4 | Q25: 116.6 | R25: 111.2 | S25: 111 | T25: 109.4 | U25: 110.7 | V25: 108.9 | W25: 109.7 | X25: 108.7 | Y25: 107.5 | Z25: 108 | AA25: 106.6 | AB25: 109.9 | AC25: 105.4 | AD25: 107.9 | AE25: 112.4
A26: Rural | B26: 2013 | C26: September | D26: =_xlfn.CONCAT(LEFT(Table1[[#This Row],[Month]],3),"-",RIGHT(Table1[[#This Row],[Year]],2)) -> Sep-13 | E26: 115.4 | F26: 115.7 | G26: 111.7 | H26: 111 | I26: 107.4 | J26: 110.9 | K26: 154 | L26: 108.1 | M26: 104.2 | N26: 107.9 | O26: 110.4 | P26: 114 | Q26: 117.8 | R26: 111.7 | S26: 112.7 | T26: 111.4 | U26: 112.5 | V26: NA | W26: 111.1 | X26: 109.6 | Y26: 108.3 | Z26: 109.3 | AA26: 107.7 | AB26: 109.8 | AC26: 106.7 | AD26: 108.7 | AE26: 114.2
A27: Urban | B27: 2013 | C27: September | D27: =_xlfn.CONCAT(LEFT(Table1[[#This Row],[Month]],3),"-",RIGHT(Table1[[#This Row],[Year]],2)) -> Sep-13 | E27: 118.6 | F27: 119.1 | G27: 113.2 | H27: 109.6 | I27: 101.7 | J27: 103.2 | K27: 174.3 | L27: 105.1 | M27: 100.8 | N27: 109.1 | O27: 111.1 | P27: 115.4 | Q27: 119.2 | R27: 112.9 | S27: 111.4 | T27: 109 | U27: 111.1 | V27: 109.7 | W27: 109.5 | X27: 109.6 | Y27: 107.9 | Z27: 110.4 | AA27: 107.4 | AB27: 111.2 | AC27: 106.9 | AD27: 109.4 | AE27: 113.2
A28: Rural+Urban | B28: 2013 | C28: September | D28: =_xlfn.CONCAT(LEFT(Table1[[#This Row],[Month]],3),"-",RIGHT(Table1[[#This Row],[Year]],2)) -> Sep-13 | E28: 116.4 | F28: 116.9 | G28: 112.3 | H28: 110.5 | I28: 105.3 | J28: 107.3 | K28: 160.9 | L28: 107.1 | M28: 103.1 | N28: 108.3 | O28: 110.7 | P28: 114.6 | Q28: 118.3 | R28: 112 | S28: 112.2 | T28: 110.4 | U28: 111.9 | V28: 109.7 | W28: 110.5 | X28: 109.6 | Y28: 108.1 | Z28: 109.9 | AA28: 107.5 | AB28: 110.6 | AC28: 106.8 | AD28: 109 | AE28: 113.7
A29: Rural | B29: 2013 | C29: October | D29: =_xlfn.CONCAT(LEFT(Table1[[#This Row],[Month]],3),"-",RIGHT(Table1[[#This Row],[Year]],2)) -> Oct-13 | E29: 116.3 | F29: 115.4 | G29: 112.6 | H29: 111.7 | I29: 107.7 | J29: 113.2 | K29: 164.9 | L29: 108.3 | M29: 103.9 | N29: 108.2 | O29: 111.1 | P29: 114.9 | Q29: 119.8 | R29: 112.2 | S29: 113.6 | T29: 112.3 | U29: 113.4 | V29: NA | W29: 111.6 | X29: 110.4 | Y29: 108.9 | Z29: 109.3 | AA29: 108.3 | AB29: 110.2 | AC29: 107.5 | AD29: 109.1 | AE29: 115.5
A30: Urban | B30: 2013 | C30: October | D30: =_xlfn.CONCAT(LEFT(Table1[[#This Row],[Month]],3),"-",RIGHT(Table1[[#This Row],[Year]],2)) -> Oct-13 | E30: 118.9 | F30: 118.1 | G30: 114.5 | H30: 110.4 | I30: 102.3 | J30: 106.2 | K30: 183.5 | L30: 105.3 | M30: 100.2 | N30: 109.6 | O30: 111.4 | P30: 116 | Q30: 120.8 | R30: 113.5 | S30: 112.5 | T30: 109.7 | U30: 112 | V30: 110.5 | W30: 109.7 | X30: 110.2 | Y30: 108.2 | Z30: 109.7 | AA30: 108 | AB30: 111.3 | AC30: 107.3 | AD30: 109.4 | AE30: 114
A31: Rural+Urban | B31: 2013 | C31: October | D31: =_xlfn.CONCAT(LEFT(Table1[[#This Row],[Month]],3),"-",RIGHT(Table1[[#This Row],[Year]],2)) -> Oct-13 | E31: 117.1 | F31: 116.3 | G31: 113.3 | H31: 111.2 | I31: 105.7 | J31: 109.9 | K31: 171.2 | L31: 107.3 | M31: 102.7 | N31: 108.7 | O31: 111.2 | P31: 115.4 | Q31: 120.2 | R31: 112.5 | S31: 113.2 | T31: 111.2 | U31: 112.8 | V31: 110.5 | W31: 110.9 | X31: 110.3 | Y31: 108.6 | Z31: 109.5 | AA31: 108.1 | AB31: 110.8 | AC31: 107.4 | AD31: 109.2 | AE31: 114.8
A32: Rural | B32: 2013 | C32: November | D32: =_xlfn.CONCAT(LEFT(Table1[[#This Row],[Month]],3),"-",RIGHT(Table1[[#This Row],[Year]],2)) -> Nov-13 | E32: 117.3 | F32: 114.9 | G32: 116.2 | H32: 112.8 | I32: 108.9 | J32: 116.6 | K32: 178.1 | L32: 109.1 | M32: 103.6 | N32: 109 | O32: 111.8 | P32: 116 | Q32: 122.5 | R32: 112.8 | S32: 114.6 | T32: 113.1 | U32: 114.4 | V32: NA | W32: 112.6 | X32: 111.3 | Y32: 109.7 | Z32: 109.6 | AA32: 108.7 | AB32: 111 | AC32: 108.2 | AD32: 109.8 | AE32: 117.4
A33: Urban | B33: 2013 | C33: November | D33: =_xlfn.CONCAT(LEFT(Table1[[#This Row],[Month]],3),"-",RIGHT(Table1[[#This Row],[Year]],2)) -> Nov-13 | E33: 119.8 | F33: 116.3 | G33: 122.6 | H33: 112 | I33: 103.2 | J33: 110 | K33: 192.8 | L33: 106.3 | M33: 99.5 | N33: 110.3 | O33: 111.8 | P33: 117.1 | Q33: 122.9 | R33: 114.1 | S33: 113.5 | T33: 110.3 | U33: 113 | V33: 111.1 | W33: 110 | X33: 110.9 | Y33: 108.6 | Z33: 109.5 | AA33: 108.5 | AB33: 111.3 | AC33: 107.9 | AD33: 109.6 | AE33: 115
A34: Rural+Urban | B34: 2013 | C34: November | D34: =_xlfn.CONCAT(LEFT(Table1[[#This Row],[Month]],3),"-",RIGHT(Table1[[#This Row],[Year]],2)) -> Nov-13 | E34: 118.1 | F34: 115.4 | G34: 118.7 | H34: 112.5 | I34: 106.8 | J34: 113.5 | K34: 183.1 | L34: 108.2 | M34: 102.2 | N34: 109.4 | O34: 111.8 | P34: 116.5 | Q34: 122.6 | R34: 113.1 | S34: 114.2 | T34: 111.9 | U34: 113.8 | V34: 111.1 | W34: 111.6 | X34: 111.1 | Y34: 109.3 | Z34: 109.5 | AA34: 108.6 | AB34: 111.2 | AC34: 108.1 | AD34: 109.7 | AE34: 116.3
A35: Rural | B35: 2013 | C35: December | D35: =_xlfn.CONCAT(LEFT(Table1[[#This Row],[Month]],3),"-",RIGHT(Table1[[#This Row],[Year]],2)) -> Dec-13 | E35: 118.4 | F35: 115.9 | G35: 120.4 | H35: 113.8 | I35: 109.5 | J35: 115.5 | K35: 145.7 | L35: 109.5 | M35: 102.9 | N35: 109.8 | O35: 112.1 | P35: 116.8 | Q35: 118.7 | R35: 113.6 | S35: 115.8 | T35: 114 | U35: 115.5 | V35: NA | W35: 112.8 | X35: 112.1 | Y35: 110.1 | Z35: 109.9 | AA35: 109.2 | AB35: 111.6 | AC35: 108.1 | AD35: 110.1 | AE35: 115.5
A36: Urban | B36: 2013 | C36: December | D36: =_xlfn.CONCAT(LEFT(Table1[[#This Row],[Month]],3),"-",RIGHT(Table1[[#This Row],[Year]],2)) -> Dec-13 | E36: 120.5 | F36: 118.1 | G36: 128.5 | H36: 112.8 | I36: 103.4 | J36: 110.7 | K36: 144.8 | L36: 107.1 | M36: 98.6 | N36: 111.9 | O36: 112.1 | P36: 118.1 | Q36: 117.8 | R36: 115 | S36: 114.2 | T36: 110.9 | U36: 113.7 | V36: 110.7 | W36: 110.4 | X36: 111.3 | Y36: 109 | Z36: 109.7 | AA36: 108.9 | AB36: 111.4 | AC36: 107.7 | AD36: 109.8 | AE36: 113.3
A37: Rural+Urban | B37: 2013 | C37: December | D37: =_xlfn.CONCAT(LEFT(Table1[[#This Row],[Month]],3),"-",RIGHT(Table1[[#This Row],[Year]],2)) -> Dec-13 | E37: 119.1 | F37: 116.7 | G37: 123.5 | H37: 113.4 | I37: 107.3 | J37: 113.3 | K37: 145.4 | L37: 108.7 | M37: 101.5 | N37: 110.5 | O37: 112.1 | P37: 117.4 | Q37: 118.4 | R37: 114 | S37: 115.2 | T37: 112.7 | U37: 114.8 | V37: 110.7 | W37: 111.9 | X37: 111.7 | Y37: 109.7 | Z37: 109.8 | AA37: 109 | AB37: 111.5 | AC37: 107.9 | AD37: 110 | AE37: 114.5
A38: Rural | B38: 2014 | C38: January | D38: =_xlfn.CONCAT(LEFT(Table1[[#This Row],[Month]],3),"-",RIGHT(Table1[[#This Row],[Year]],2)) -> Jan-14 | E38: 118.9 | F38: 117.1 | G38: 120.5 | H38: 114.4 | I38: 109 | J38: 115.5 | K38: 123.9 | L38: 109.6 | M38: 101.8 | N38: 110.2 | O38: 112.4 | P38: 117.3 | Q38: 116 | R38: 114 | S38: 116.5 | T38: 114.5 | U38: 116.2 | V38: NA | W38: 113 | X38: 112.6 | Y38: 110.6 | Z38: 110.5 | AA38: 109.6 | AB38: 111.8 | AC38: 108.3 | AD38: 110.6 | AE38: 114.2
A39: Urban | B39: 2014 | C39: January | D39: =_xlfn.CONCAT(LEFT(Table1[[#This Row],[Month]],3),"-",RIGHT(Table1[[#This Row],[Year]],2)) -> Jan-14 | E39: 121.2 | F39: 122 | G39: 129.9 | H39: 113.6 | I39: 102.9 | J39: 112.1 | K39: 118.9 | L39: 107.5 | M39: 96.9 | N39: 112.7 | O39: 112.1 | P39: 119 | Q39: 115.5 | R39: 115.7 | S39: 114.8 | T39: 111.3 | U39: 114.3 | V39: 111.6 | W39: 111 | X39: 111.9 | Y39: 109.7 | Z39: 110.8 | AA39: 109.8 | AB39: 111.5 | AC39: 108 | AD39: 110.5 | AE39: 112.9
A40: Rural+Urban | B40: 2014 | C40: January | D40: =_xlfn.CONCAT(LEFT(Table1[[#This Row],[Month]],3),"-",RIGHT(Table1[[#This Row],[Year]],2)) -> Jan-14 | E40: 119.6 | F40: 118.8 | G40: 124.1 | H40: 114.1 | I40: 106.8 | J40: 113.9 | K40: 122.2 | L40: 108.9 | M40: 100.2 | N40: 111 | O40: 112.3 | P40: 118.1 | Q40: 115.8 | R40: 114.5 | S40: 115.8 | T40: 113.2 | U40: 115.4 | V40: 111.6 | W40: 112.2 | X40: 112.3 | Y40: 110.3 | Z40: 110.7 | AA40: 109.7 | AB40: 111.6 | AC40: 108.2 | AD40: 110.6 | AE40: 113.6
A41: Rural | B41: 2014 | C41: February | D41: =_xlfn.CONCAT(LEFT(Table1[[#This Row],[Month]],3),"-",RIGHT(Table1[[#This Row],[Year]],2)) -> Feb-14 | E41: 119.4 | F41: 117.7 | G41: 121.2 | H41: 115 | I41: 109 | J41: 116.6 | K41: 116 | L41: 109.8 | M41: 101.1 | N41: 110.4 | O41: 112.9 | P41: 117.8 | Q41: 115.3 | R41: 114.2 | S41: 117.1 | T41: 114.5 | U41: 116.7 | V41: NA | W41: 113.2 | X41: 112.9 | Y41: 110.9 | Z41: 110.8 | AA41: 109.9 | AB41: 112 | AC41: 108.7 | AD41: 110.9 | AE41: 114
A42: Urban | B42: 2014 | C42: February | D42: =_xlfn.CONCAT(LEFT(Table1[[#This Row],[Month]],3),"-",RIGHT(Table1[[#This Row],[Year]],2)) -> Feb-14 | E42: 121.9 | F42: 122 | G42: 124.5 | H42: 115.2 | I42: 102.5 | J42: 114.1 | K42: 111.5 | L42: 108.2 | M42: 95.4 | N42: 113.5 | O42: 112.1 | P42: 119.9 | Q42: 115.2 | R42: 116.2 | S42: 115.3 | T42: 111.7 | U42: 114.7 | V42: 112.5 | W42: 111.1 | X42: 112.6 | Y42: 110.4 | Z42: 111.3 | AA42: 110.3 | AB42: 111.6 | AC42: 108.7 | AD42: 111 | AE42: 113.1
A43: Rural+Urban | B43: 2014 | C43: February | D43: =_xlfn.CONCAT(LEFT(Table1[[#This Row],[Month]],3),"-",RIGHT(Table1[[#This Row],[Year]],2)) -> Feb-14 | E43: 120.2 | F43: 119.2 | G43: 122.5 | H43: 115.1 | I43: 106.6 | J43: 115.4 | K43: 114.5 | L43: 109.3 | M43: 99.2 | N43: 111.4 | O43: 112.6 | P43: 118.8 | Q43: 115.3 | R43: 114.7 | S43: 116.4 | T43: 113.3 | U43: 115.9 | V43: 112.5 | W43: 112.4 | X43: 112.8 | Y43: 110.7 | Z43: 111.1 | AA43: 110.1 | AB43: 111.8 | AC43: 108.7 | AD43: 110.9 | AE43: 113.6
A44: Rural | B44: 2014 | C44: March | D44: =_xlfn.CONCAT(LEFT(Table1[[#This Row],[Month]],3),"-",RIGHT(Table1[[#This Row],[Year]],2)) -> Mar-14 | E44: 120.1 | F44: 118.1 | G44: 120.7 | H44: 116.1 | I44: 109.3 | J44: 119.6 | K44: 117.9 | L44: 110.2 | M44: 101.2 | N44: 110.7 | O44: 113 | P44: 118.3 | Q44: 116.2 | R44: 114.6 | S44: 117.5 | T44: 114.9 | U44: 117.2 | V44: NA | W44: 113.4 | X44: 113.4 | Y44: 111.4 | Z44: 111.2 | AA44: 110.2 | AB44: 112.4 | AC44: 108.9 | AD44: 111.3 | AE44: 114.6
A45: Urban | B45: 2014 | C45: March | D45: =_xlfn.CONCAT(LEFT(Table1[[#This Row],[Month]],3),"-",RIGHT(Table1[[#This Row],[Year]],2)) -> Mar-14 | E45: 122.1 | F45: 121.4 | G45: 121.5 | H45: 116.2 | I45: 102.8 | J45: 117.7 | K45: 113.3 | L45: 108.9 | M45: 96.3 | N45: 114.1 | O45: 112.2 | P45: 120.5 | Q45: 116 | R45: 116.7 | S45: 115.8 | T45: 112.1 | U45: 115.2 | V45: 113.2 | W45: 110.9 | X45: 113 | Y45: 110.8 | Z45: 111.6 | AA45: 110.9 | AB45: 111.8 | AC45: 109.2 | AD45: 111.4 | AE45: 113.7
A46: Rural+Urban | B46: 2014 | C46: March | D46: =_xlfn.CONCAT(LEFT(Table1[[#This Row],[Month]],3),"-",RIGHT(Table1[[#This Row],[Year]],2)) -> Mar-14 | E46: 120.7 | F46: 119.3 | G46: 121 | H46: 116.1 | I46: 106.9 | J46: 118.7 | K46: 116.3 | L46: 109.8 | M46: 99.6 | N46: 111.8 | O46: 112.7 | P46: 119.3 | Q46: 116.1 | R46: 115.2 | S46: 116.8 | T46: 113.7 | U46: 116.4 | V46: 113.2 | W46: 112.5 | X46: 113.2 | Y46: 111.2 | Z46: 111.4 | AA46: 110.6 | AB46: 112 | AC46: 109 | AD46: 111.3 | AE46: 114.2
A47: Rural | B47: 2014 | C47: April | D47: =_xlfn.CONCAT(LEFT(Table1[[#This Row],[Month]],3),"-",RIGHT(Table1[[#This Row],[Year]],2)) -> Apr-14 | E47: 120.2 | F47: 118.9 | G47: 118.1 | H47: 117 | I47: 109.7 | J47: 125.5 | K47: 120.5 | L47: 111 | M47: 102.6 | N47: 111.2 | O47: 113.5 | P47: 118.7 | Q47: 117.2 | R47: 115.4 | S47: 118.1 | T47: 116.1 | U47: 117.8 | V47: NA | W47: 113.4 | X47: 113.7 | Y47: 111.8 | Z47: 111.2 | AA47: 110.5 | AB47: 113 | AC47: 108.9 | AD47: 111.5 | AE47: 115.4
A48: Urban | B48: 2014 | C48: April | D48: =_xlfn.CONCAT(LEFT(Table1[[#This Row],[Month]],3),"-",RIGHT(Table1[[#This Row],[Year]],2)) -> Apr-14 | E48: 122.5 | F48: 121.7 | G48: 113.3 | H48: 117 | I48: 103.1 | J48: 126.7 | K48: 121.2 | L48: 111 | M48: 100.3 | N48: 115.3 | O48: 112.7 | P48: 121 | Q48: 118.2 | R48: 117.6 | S48: 116.3 | T48: 112.5 | U48: 115.7 | V48: 113.9 | W48: 110.9 | X48: 113.4 | Y48: 111 | Z48: 111.2 | AA48: 111.2 | AB48: 112.5 | AC48: 109.1 | AD48: 111.4 | AE48: 114.7
A49: Rural+Urban | B49: 2014 | C49: April | D49: =_xlfn.CONCAT(LEFT(Table1[[#This Row],[Month]],3),"-",RIGHT(Table1[[#This Row],[Year]],2)) -> Apr-14 | E49: 120.9 | F49: 119.9 | G49: 116.2 | H49: 117 | I49: 107.3 | J49: 126.1 | K49: 120.7 | L49: 111 | M49: 101.8 | N49: 112.6 | O49: 113.2 | P49: 119.8 | Q49: 117.6 | R49: 116 | S49: 117.4 | T49: 114.6 | U49: 117 | V49: 113.9 | W49: 112.5 | X49: 113.6 | Y49: 111.5 | Z49: 111.2 | AA49: 110.9 | AB49: 112.7 | AC49: 109 | AD49: 111.5 | AE49: 115.1
A50: Rural | B50: 2014 | C50: May | D50: =_xlfn.CONCAT(LEFT(Table1[[#This Row],[Month]],3),"-",RIGHT(Table1[[#This Row],[Year]],2)) -> May-14 | E50: 120.3 | F50: 120.2 | G50: 116.9 | H50: 118 | I50: 110.1 | J50: 126.3 | K50: 123.9 | L50: 111.5 | M50: 103.5 | N50: 111.6 | O50: 114.2 | P50: 119.2 | Q50: 118.2 | R50: 116.3 | S50: 118.7 | T50: 116.8 | U50: 118.5 | V50: NA | W50: 113.4 | X50: 114.1 | Y50: 112.1 | Z50: 111.4 | AA50: 110.9 | AB50: 113.1 | AC50: 108.9 | AD50: 111.8 | AE50: 116
A51: Urban | B51: 2014 | C51: May | D51: =_xlfn.CONCAT(LEFT(Table1[[#This Row],[Month]],3),"-",RIGHT(Table1[[#This Row],[Year]],2)) -> May-14 | E51: 122.7 | F51: 124.1 | G51: 114.2 | H51: 119.1 | I51: 103.5 | J51: 129.2 | K51: 127 | L51: 112.6 | M51: 101.3 | N51: 117 | O51: 112.9 | P51: 121.7 | Q51: 120 | R51: 118.3 | S51: 116.8 | T51: 112.9 | U51: 116.2 | V51: 114.3 | W51: 111.1 | X51: 114.1 | Y51: 111.2 | Z51: 111.3 | AA51: 111.5 | AB51: 112.9 | AC51: 109.3 | AD51: 111.7 | AE51: 115.6
A52: Rural+Urban | B52: 2014 | C52: May | D52: =_xlfn.CONCAT(LEFT(Table1[[#This Row],[Month]],3),"-",RIGHT(Table1[[#This Row],[Year]],2)) -> May-14 | E52: 121.1 | F52: 121.6 | G52: 115.9 | H52: 118.4 | I52: 107.7 | J52: 127.7 | K52: 125 | L52: 111.9 | M52: 102.8 | N52: 113.4 | O52: 113.7 | P52: 120.4 | Q52: 118.9 | R52: 116.8 | S52: 118 | T52: 115.2 | U52: 117.6 | V52: 114.3 | W52: 112.5 | X52: 114.1 | Y52: 111.8 | Z52: 111.3 | AA52: 111.2 | AB52: 113 | AC52: 109.1 | AD52: 111.8 | AE52: 115.8
A53: Rural | B53: 2014 | C53: June | D53: =_xlfn.CONCAT(LEFT(Table1[[#This Row],[Month]],3),"-",RIGHT(Table1[[#This Row],[Year]],2)) -> Jun-14 | E53: 120.7 | F53: 121.6 | G53: 116.1 | H53: 119.3 | I53: 110.3 | J53: 125.8 | K53: 129.3 | L53: 112.2 | M53: 103.6 | N53: 112.3 | O53: 114.9 | P53: 120.1 | Q53: 119.5 | R53: 117.3 | S53: 119.7 | T53: 117.3 | U53: 119.3 | V53: NA | W53: 114.4 | X53: 114.9 | Y53: 112.8 | Z53: 112.2 | AA53: 111.4 | AB53: 114.3 | AC53: 108 | AD53: 112.3 | AE53: 117
A54: Urban | B54: 2014 | C54: June | D54: =_xlfn.CONCAT(LEFT(Table1[[#This Row],[Month]],3),"-",RIGHT(Table1[[#This Row],[Year]],2)) -> Jun-14 | E54: 123.1 | F54: 125.9 | G54: 115.4 | H54: 120.4 | I54: 103.4 | J54: 131.2 | K54: 137.5 | L54: 112.8 | M54: 101.4 | N54: 118.3 | O54: 113.2 | P54: 122.4 | Q54: 122 | R54: 119 | S54: 117.4 | T54: 113.2 | U54: 116.7 | V54: 113.9 | W54: 111.2 | X54: 114.3 | Y54: 111.4 | Z54: 111.5 | AA54: 111.8 | AB54: 115.1 | AC54: 108.7 | AD54: 112.2 | AE54: 116.4
A55: Rural+Urban | B55: 2014 | C55: June | D55: =_xlfn.CONCAT(LEFT(Table1[[#This Row],[Month]],3),"-",RIGHT(Table1[[#This Row],[Year]],2)) -> Jun-14 | E55: 121.5 | F55: 123.1 | G55: 115.8 | H55: 119.7 | I55: 107.8 | J55: 128.3 | K55: 132.1 | L55: 112.4 | M55: 102.9 | N55: 114.3 | O55: 114.2 | P55: 121.2 | Q55: 120.4 | R55: 117.8 | S55: 118.8 | T55: 115.6 | U55: 118.3 | V55: 113.9 | W55: 113.2 | X55: 114.6 | Y55: 112.3 | Z55: 111.8 | AA55: 111.6 | AB55: 114.8 | AC55: 108.3 | AD55: 112.3 | AE55: 116.7
A56: Rural | B56: 2014 | C56: July | D56: =_xlfn.CONCAT(LEFT(Table1[[#This Row],[Month]],3),"-",RIGHT(Table1[[#This Row],[Year]],2)) -> Jul-14 | E56: 121.7 | F56: 122.5 | G56: 117.7 | H56: 120.6 | I56: 110.4 | J56: 129.1 | K56: 150.1 | L56: 113.2 | M56: 104.8 | N56: 113.3 | O56: 115.6 | P56: 120.9 | Q56: 123.3 | R56: 118 | S56: 120.7 | T56: 118.3 | U56: 120.3 | V56: NA | W56: 115.3 | X56: 115.4 | Y56: 113.4 | Z56: 113.2 | AA56: 111.8 | AB56: 115.5 | AC56: 108.8 | AD56: 113.1 | AE56: 119.5
A57: Urban | B57: 2014 | C57: July | D57: =_xlfn.CONCAT(LEFT(Table1[[#This Row],[Month]],3),"-",RIGHT(Table1[[#This Row],[Year]],2)) -> Jul-14 | E57: 123.8 | F57: 126.4 | G57: 118 | H57: 121.6 | I57: 103.5 | J57: 133.7 | K57: 172.4 | L57: 113.1 | M57: 102.7 | N57: 120 | O57: 113.8 | P57: 123.4 | Q57: 127.1 | R57: 121 | S57: 118 | T57: 113.6 | U57: 117.4 | V57: 114.8 | W57: 111.6 | X57: 114.9 | Y57: 111.5 | Z57: 113 | AA57: 112.4 | AB57: 117.8 | AC57: 109.7 | AD57: 113.5 | AE57: 118.9
A58: Rural+Urban | B58: 2014 | C58: July | D58: =_xlfn.CONCAT(LEFT(Table1[[#This Row],[Month]],3),"-",RIGHT(Table1[[#This Row],[Year]],2)) -> Jul-14 | E58: 122.4 | F58: 123.9 | G58: 117.8 | H58: 121 | I58: 107.9 | J58: 131.2 | K58: 157.7 | L58: 113.2 | M58: 104.1 | N58: 115.5 | O58: 114.8 | P58: 122.1 | Q58: 124.7 | R58: 118.8 | S58: 119.6 | T58: 116.3 | U58: 119.1 | V58: 114.8 | W58: 113.9 | X58: 115.2 | Y58: 112.7 | Z58: 113.1 | AA58: 112.1 | AB58: 116.8 | AC58: 109.2 | AD58: 113.3 | AE58: 119.2
A59: Rural | B59: 2014 | C59: August | D59: =_xlfn.CONCAT(LEFT(Table1[[#This Row],[Month]],3),"-",RIGHT(Table1[[#This Row],[Year]],2)) -> Aug-14 | E59: 121.8 | F59: 122.8 | G59: 117.8 | H59: 121.9 | I59: 110.6 | J59: 129.7 | K59: 161.1 | L59: 114.1 | M59: 105.1 | N59: 114.6 | O59: 115.8 | P59: 121.7 | Q59: 125.3 | R59: 118.8 | S59: 120.9 | T59: 118.8 | U59: 120.7 | V59: NA | W59: 115.4 | X59: 115.9 | Y59: 114 | Z59: 113.2 | AA59: 112.2 | AB59: 116.2 | AC59: 109.4 | AD59: 113.5 | AE59: 120.7
A60: Urban | B60: 2014 | C60: August | D60: =_xlfn.CONCAT(LEFT(Table1[[#This Row],[Month]],3),"-",RIGHT(Table1[[#This Row],[Year]],2)) -> Aug-14 | E60: 124.8 | F60: 127.3 | G60: 116.5 | H60: 122.2 | I60: 103.6 | J60: 132.7 | K60: 181.9 | L60: 115.2 | M60: 102.7 | N60: 122.1 | O60: 114.4 | P60: 124.7 | Q60: 128.9 | R60: 123 | S60: 118.6 | T60: 114.1 | U60: 117.9 | V60: 115.5 | W60: 111.8 | X60: 115.3 | Y60: 112.2 | Z60: 112.5 | AA60: 112.9 | AB60: 119.2 | AC60: 110.5 | AD60: 113.9 | AE60: 119.9
A61: Rural+Urban | B61: 2014 | C61: August | D61: =_xlfn.CONCAT(LEFT(Table1[[#This Row],[Month]],3),"-",RIGHT(Table1[[#This Row],[Year]],2)) -> Aug-14 | E61: 122.7 | F61: 124.4 | G61: 117.3 | H61: 122 | I61: 108 | J61: 131.1 | K61: 168.2 | L61: 114.5 | M61: 104.3 | N61: 117.1 | O61: 115.2 | P61: 123.1 | Q61: 126.6 | R61: 119.9 | S61: 120 | T61: 116.8 | U61: 119.6 | V61: 115.5 | W61: 114 | X61: 115.6 | Y61: 113.3 | Z61: 112.8 | AA61: 112.6 | AB61: 118 | AC61: 109.9 | AD61: 113.7 | AE61: 120.3
A62: Rural | B62: 2014 | C62: September | D62: =_xlfn.CONCAT(LEFT(Table1[[#This Row],[Month]],3),"-",RIGHT(Table1[[#This Row],[Year]],2)) -> Sep-14 | E62: 122.3 | F62: 122.4 | G62: 117.8 | H62: 122.7 | I62: 110.4 | J62: 129.8 | K62: 158.8 | L62: 115 | M62: 104.7 | N62: 114.9 | O62: 116.5 | P62: 122.6 | Q62: 125.3 | R62: 119.5 | S62: 121.7 | T62: 119.2 | U62: 121.3 | V62: NA | W62: 115.8 | X62: 116.7 | Y62: 114.5 | Z62: 112.8 | AA62: 112.6 | AB62: 116.6 | AC62: 109.1 | AD62: 113.7 | AE62: 120.9
A63: Urban | B63: 2014 | C63: September | D63: =_xlfn.CONCAT(LEFT(Table1[[#This Row],[Month]],3),"-",RIGHT(Table1[[#This Row],[Year]],2)) -> Sep-14 | E63: 124.2 | F63: 125.4 | G63: 116.4 | H63: 122.7 | I63: 103.5 | J63: 124.5 | K63: 168.6 | L63: 116.9 | M63: 101.9 | N63: 122.9 | O63: 114.8 | P63: 125.2 | Q63: 126.7 | R63: 124.3 | S63: 119.2 | T63: 114.5 | U63: 118.4 | V63: 116.1 | W63: 111.8 | X63: 115.5 | Y63: 112.3 | Z63: 111.2 | AA63: 113.4 | AB63: 120 | AC63: 110 | AD63: 113.6 | AE63: 119.2
A64: Rural+Urban | B64: 2014 | C64: September | D64: =_xlfn.CONCAT(LEFT(Table1[[#This Row],[Month]],3),"-",RIGHT(Table1[[#This Row],[Year]],2)) -> Sep-14 | E64: 122.9 | F64: 123.5 | G64: 117.3 | H64: 122.7 | I64: 107.9 | J64: 127.3 | K64: 162.1 | L64: 115.6 | M64: 103.8 | N64: 117.6 | O64: 115.8 | P64: 123.8 | Q64: 125.8 | R64: 120.8 | S64: 120.7 | T64: 117.2 | U64: 120.1 | V64: 116.1 | W64: 114.3 | X64: 116.1 | Y64: 113.7 | Z64: 112 | AA64: 113.1 | AB64: 118.6 | AC64: 109.5 | AD64: 113.7 | AE64: 120.1
A65: Rural | B65: 2014 | C65: October | D65: =_xlfn.CONCAT(LEFT(Table1[[#This Row],[Month]],3),"-",RIGHT(Table1[[#This Row],[Year]],2)) -> Oct-14 | E65: 122.6 | F65: 122.5 | G65: 118.3 | H65: 123.2 | I65: 110.5 | J65: 128.9 | K65: 155.3 | L65: 115.5 | M65: 104 | N65: 115.3 | O65: 116.8 | P65: 123.2 | Q65: 125.1 | R65: 120 | S65: 122.7 | T65: 120.3 | U65: 122.3 | V65: NA | W65: 116.4 | X65: 117.5 | Y65: 115.3 | Z65: 112.6 | AA65: 113 | AB65: 116.9 | AC65: 109.3 | AD65: 114 | AE65: 121
A66: Urban | B66: 2014 | C66: October | D66: =_xlfn.CONCAT(LEFT(Table1[[#This Row],[Month]],3),"-",RIGHT(Table1[[#This Row],[Year]],2)) -> Oct-14 | E66: 124.6 | F66: 126.1 | G66: 117.8 | H66: 123.1 | I66: 103.5 | J66: 123.5 | K66: 159.6 | L66: 117.4 | M66: 101.2 | N66: 123.8 | O66: 115.2 | P66: 125.9 | Q66: 125.8 | R66: 124.3 | S66: 119.6 | T66: 114.9 | U66: 118.9 | V66: 116.7 | W66: 112 | X66: 115.8 | Y66: 112.6 | Z66: 111 | AA66: 113.6 | AB66: 120.2 | AC66: 110.1 | AD66: 113.7 | AE66: 119.1
A67: Rural+Urban | B67: 2014 | C67: October | D67: =_xlfn.CONCAT(LEFT(Table1[[#This Row],[Month]],3),"-",RIGHT(Table1[[#This Row],[Year]],2)) -> Oct-14 | E67: 123.2 | F67: 123.8 | G67: 118.1 | H67: 123.2 | I67: 107.9 | J67: 126.4 | K67: 156.8 | L67: 116.1 | M67: 103.1 | N67: 118.1 | O67: 116.1 | P67: 124.5 | Q67: 125.4 | R67: 121.1 | S67: 121.5 | T67: 118.1 | U67: 121 | V67: 116.7 | W67: 114.7 | X67: 116.7 | Y67: 114.3 | Z67: 111.8 | AA67: 113.3 | AB67: 118.8 | AC67: 109.6 | AD67: 113.9 | AE67: 120.1
A68: Rural | B68: 2014 | C68: November | D68: =_xlfn.CONCAT(LEFT(Table1[[#This Row],[Month]],3),"-",RIGHT(Table1[[#This Row],[Year]],2)) -> Nov-14 | E68: 122.7 | F68: 122.6 | G68: 119.9 | H68: 124 | I68: 110.5 | J68: 128.8 | K68: 152 | L68: 116.2 | M68: 103.3 | N68: 115.8 | O68: 116.8 | P68: 124.5 | Q68: 124.9 | R68: 120.8 | S68: 123.3 | T68: 120.5 | U68: 122.9 | V68: NA | W68: 117.3 | X68: 118.1 | Y68: 115.9 | Z68: 112 | AA68: 113.3 | AB68: 117.2 | AC68: 108.8 | AD68: 114.1 | AE68: 121.1
A69: Urban | B69: 2014 | C69: November | D69: =_xlfn.CONCAT(LEFT(Table1[[#This Row],[Month]],3),"-",RIGHT(Table1[[#This Row],[Year]],2)) -> Nov-14 | E69: 124.5 | F69: 125.6 | G69: 122.7 | H69: 124.6 | I69: 103.2 | J69: 122.2 | K69: 153.2 | L69: 119.3 | M69: 99.8 | N69: 124.6 | O69: 115.8 | P69: 126.9 | Q69: 125.4 | R69: 125.8 | S69: 120.3 | T69: 115.4 | U69: 119.5 | V69: 117.1 | W69: 112.6 | X69: 116.4 | Y69: 113 | Z69: 109.7 | AA69: 114 | AB69: 120.3 | AC69: 109.6 | AD69: 113.4 | AE69: 119
A70: Rural+Urban | B70: 2014 | C70: November | D70: =_xlfn.CONCAT(LEFT(Table1[[#This Row],[Month]],3),"-",RIGHT(Table1[[#This Row],[Year]],2)) -> Nov-14 | E70: 123.3 | F70: 123.7 | G70: 121 | H70: 124.2 | I70: 107.8 | J70: 125.7 | K70: 152.4 | L70: 117.2 | M70: 102.1 | N70: 118.7 | O70: 116.4 | P70: 125.6 | Q70: 125.1 | R70: 122.1 | S70: 122.1 | T70: 118.4 | U70: 121.6 | V70: 117.1 | W70: 115.5 | X70: 117.3 | Y70: 114.8 | Z70: 110.8 | AA70: 113.7 | AB70: 119 | AC70: 109.1 | AD70: 113.8 | AE70: 120.1
A71: Rural | B71: 2014 | C71: December | D71: =_xlfn.CONCAT(LEFT(Table1[[#This Row],[Month]],3),"-",RIGHT(Table1[[#This Row],[Year]],2)) -> Dec-14 | E71: 122.4 | F71: 122.4 | G71: 121.8 | H71: 124.2 | I71: 110.2 | J71: 128.6 | K71: 140.3 | L71: 116.3 | M71: 102 | N71: 116 | O71: 117.3 | P71: 124.8 | Q71: 123.3 | R71: 121.7 | S71: 123.8 | T71: 120.6 | U71: 123.3 | V71: NA | W71: 117.4 | X71: 118.2 | Y71: 116.2 | Z71: 111.5 | AA71: 113.3 | AB71: 117.7 | AC71: 109.4 | AD71: 114.2 | AE71: 120.3
A72: Urban | B72: 2014 | C72: December | D72: =_xlfn.CONCAT(LEFT(Table1[[#This Row],[Month]],3),"-",RIGHT(Table1[[#This Row],[Year]],2)) -> Dec-14 | E72: 124 | F72: 124.7 | G72: 126.3 | H72: 124.9 | I72: 103 | J72: 122.3 | K72: 141 | L72: 120.1 | M72: 97.8 | N72: 125.4 | O72: 116.1 | P72: 127.6 | Q72: 124 | R72: 126.4 | S72: 120.7 | T72: 115.8 | U72: 120 | V72: 116.5 | W72: 113 | X72: 116.8 | Y72: 113.2 | Z72: 108.8 | AA72: 114.3 | AB72: 120.7 | AC72: 110.4 | AD72: 113.4 | AE72: 118.4
A73: Rural+Urban | B73: 2014 | C73: December | D73: =_xlfn.CONCAT(LEFT(Table1[[#This Row],[Month]],3),"-",RIGHT(Table1[[#This Row],[Year]],2)) -> Dec-14 | E73: 122.9 | F73: 123.2 | G73: 123.5 | H73: 124.5 | I73: 107.6 | J73: 125.7 | K73: 140.5 | L73: 117.6 | M73: 100.6 | N73: 119.1 | O73: 116.8 | P73: 126.1 | Q73: 123.6 | R73: 123 | S73: 122.6 | T73: 118.6 | U73: 122 | V73: 116.5 | W73: 115.7 | X73: 117.5 | Y73: 115.1 | Z73: 110.1 | AA73: 113.9 | AB73: 119.5 | AC73: 109.8 | AD73: 113.8 | AE73: 119.4
A74: Rural | B74: 2015 | C74: January | D74: =_xlfn.CONCAT(LEFT(Table1[[#This Row],[Month]],3),"-",RIGHT(Table1[[#This Row],[Year]],2)) -> Jan-15 | E74: 123.1 | F74: 123.1 | G74: 122.1 | H74: 124.9 | I74: 111 | J74: 130.4 | K74: 132.3 | L74: 117.2 | M74: 100.5 | N74: 117.2 | O74: 117.9 | P74: 125.6 | Q74: 122.8 | R74: 122.7 | S74: 124.4 | T74: 121.6 | U74: 124 | V74: NA | W74: 118.4 | X74: 118.9 | Y74: 116.6 | Z74: 111 | AA74: 114 | AB74: 118.2 | AC74: 110.2 | AD74: 114.5 | AE74: 120.3
A75: Urban | B75: 2015 | C75: January | D75: =_xlfn.CONCAT(LEFT(Table1[[#This Row],[Month]],3),"-",RIGHT(Table1[[#This Row],[Year]],2)) -> Jan-15 | E75: 124 | F75: 125.5 | G75: 126.6 | H75: 125.2 | I75: 104.3 | J75: 121.3 | K75: 134.4 | L75: 122.9 | M75: 96.1 | N75: 126.6 | O75: 116.5 | P75: 128 | Q75: 123.5 | R75: 127.4 | S75: 121 | T75: 116.1 | U75: 120.2 | V75: 117.3 | W75: 113.4 | X75: 117.2 | Y75: 113.7 | Z75: 107.9 | AA75: 114.6 | AB75: 120.8 | AC75: 111.4 | AD75: 113.4 | AE75: 118.5
A76: Rural+Urban | B76: 2015 | C76: January | D76: =_xlfn.CONCAT(LEFT(Table1[[#This Row],[Month]],3),"-",RIGHT(Table1[[#This Row],[Year]],2)) -> Jan-15 | E76: 123.4 | F76: 123.9 | G76: 123.8 | H76: 125 | I76: 108.5 | J76: 126.2 | K76: 133 | L76: 119.1 | M76: 99 | N76: 120.3 | O76: 117.3 | P76: 126.7 | Q76: 123.1 | R76: 124 | S76: 123.1 | T76: 119.3 | U76: 122.5 | V76: 117.3 | W76: 116.5 | X76: 118.1 | Y76: 115.5 | Z76: 109.4 | AA76: 114.3 | AB76: 119.7 | AC76: 110.7 | AD76: 114 | AE76: 119.5
A77: Rural | B77: 2015 | C77: February | D77: =_xlfn.CONCAT(LEFT(Table1[[#This Row],[Month]],3),"-",RIGHT(Table1[[#This Row],[Year]],2)) -> Feb-15 | E77: 123.4 | F77: 124.4 | G77: 122.1 | H77: 125.8 | I77: 111.5 | J77: 129.4 | K77: 128.2 | L77: 118.8 | M77: 100 | N77: 118.6 | O77: 118.8 | P77: 126.8 | Q77: 122.8 | R77: 124.2 | S77: 125.4 | T77: 122.7 | U77: 125 | V77: NA | W77: 120 | X77: 119.6 | Y77: 117.7 | Z77: 110.9 | AA77: 114.8 | AB77: 118.7 | AC77: 110.8 | AD77: 115 | AE77: 120.6
A78: Urban | B78: 2015 | C78: February | D78: =_xlfn.CONCAT(LEFT(Table1[[#This Row],[Month]],3),"-",RIGHT(Table1[[#This Row],[Year]],2)) -> Feb-15 | E78: 124.3 | F78: 126.5 | G78: 119.5 | H78: 125.6 | I78: 104.9 | J78: 121.6 | K78: 131.8 | L78: 125.1 | M78: 95 | N78: 127.7 | O78: 116.8 | P78: 128.6 | Q78: 123.7 | R78: 128.1 | S78: 121.3 | T78: 116.5 | U78: 120.6 | V78: 118.1 | W78: 114 | X78: 117.7 | Y78: 114.1 | Z78: 106.8 | AA78: 114.9 | AB78: 120.4 | AC78: 111.7 | AD78: 113.2 | AE78: 118.7
A79: Rural+Urban | B79: 2015 | C79: February | D79: =_xlfn.CONCAT(LEFT(Table1[[#This Row],[Month]],3),"-",RIGHT(Table1[[#This Row],[Year]],2)) -> Feb-15 | E79: 123.7 | F79: 125.1 | G79: 121.1 | H79: 125.7 | I79: 109.1 | J79: 125.8 | K79: 129.4 | L79: 120.9 | M79: 98.3 | N79: 121.6 | O79: 118 | P79: 127.6 | Q79: 123.1 | R79: 125.2 | S79: 123.8 | T79: 120.1 | U79: 123.3 | V79: 118.1 | W79: 117.7 | X79: 118.7 | Y79: 116.3 | Z79: 108.7 | AA79: 114.9 | AB79: 119.7 | AC79: 111.2 | AD79: 114.1 | AE79: 119.7
A80: Rural | B80: 2015 | C80: March | D80: =_xlfn.CONCAT(LEFT(Table1[[#This Row],[Month]],3),"-",RIGHT(Table1[[#This Row],[Year]],2)) -> Mar-15 | E80: 123.3 | F80: 124.7 | G80: 118.9 | H80: 126 | I80: 111.8 | J80: 130.9 | K80: 128 | L80: 119.9 | M80: 98.9 | N80: 119.4 | O80: 118.9 | P80: 127.7 | Q80: 123.1 | R80: 124.7 | S80: 126 | T80: 122.9 | U80: 125.5 | V80: NA | W80: 120.6 | X80: 120.2 | Y80: 118.2 | Z80: 111.6 | AA80: 115.5 | AB80: 119.4 | AC80: 110.8 | AD80: 115.5 | AE80: 121.1
A81: Urban | B81: 2015 | C81: March | D81: =_xlfn.CONCAT(LEFT(Table1[[#This Row],[Month]],3),"-",RIGHT(Table1[[#This Row],[Year]],2)) -> Mar-15 | E81: 124 | F81: 126.7 | G81: 113.5 | H81: 125.9 | I81: 104.8 | J81: 123.8 | K81: 131.4 | L81: 127.2 | M81: 93.2 | N81: 127.4 | O81: 117 | P81: 129.2 | Q81: 123.9 | R81: 128.8 | S81: 121.7 | T81: 116.9 | U81: 120.9 | V81: 118.6 | W81: 114.4 | X81: 118 | Y81: 114.3 | Z81: 108.4 | AA81: 115.4 | AB81: 120.6 | AC81: 111.3 | AD81: 113.8 | AE81: 119.1
A82: Rural+Urban | B82: 2015 | C82: March | D82: =_xlfn.CONCAT(LEFT(Table1[[#This Row],[Month]],3),"-",RIGHT(Table1[[#This Row],[Year]],2)) -> Mar-15 | E82: 123.5 | F82: 125.4 | G82: 116.8 | H82: 126 | I82: 109.2 | J82: 127.6 | K82: 129.2 | L82: 122.4 | M82: 97 | N82: 122.1 | O82: 118.1 | P82: 128.4 | Q82: 123.4 | R82: 125.8 | S82: 124.3 | T82: 120.4 | U82: 123.7 | V82: 118.6 | W82: 118.3 | X82: 119.2 | Y82: 116.7 | Z82: 109.9 | AA82: 115.4 | AB82: 120.1 | AC82: 111 | AD82: 114.7 | AE82: 120.2
A83: Rural | B83: 2015 | C83: April | D83: =_xlfn.CONCAT(LEFT(Table1[[#This Row],[Month]],3),"-",RIGHT(Table1[[#This Row],[Year]],2)) -> Apr-15 | E83: 123.3 | F83: 125.5 | G83: 117.2 | H83: 126.8 | I83: 111.9 | J83: 134.2 | K83: 127.5 | L83: 121.5 | M83: 97.8 | N83: 119.8 | O83: 119.4 | P83: 128.7 | Q83: 123.6 | R83: 125.7 | S83: 126.4 | T83: 123.3 | U83: 126 | V83: NA | W83: 121.2 | X83: 120.9 | Y83: 118.6 | Z83: 111.9 | AA83: 116.2 | AB83: 119.9 | AC83: 111.6 | AD83: 116 | AE83: 121.5
A84: Urban | B84: 2015 | C84: April | D84: =_xlfn.CONCAT(LEFT(Table1[[#This Row],[Month]],3),"-",RIGHT(Table1[[#This Row],[Year]],2)) -> Apr-15 | E84: 123.8 | F84: 128.2 | G84: 110 | H84: 126.3 | I84: 104.5 | J84: 130.6 | K84: 130.8 | L84: 131.3 | M84: 91.6 | N84: 127.7 | O84: 117.2 | P84: 129.5 | Q84: 124.6 | R84: 130.1 | S84: 122.1 | T84: 117.2 | U84: 121.3 | V84: 119.2 | W84: 114.7 | X84: 118.4 | Y84: 114.6 | Z84: 108.4 | AA84: 115.6 | AB84: 121.7 | AC84: 111.8 | AD84: 114.2 | AE84: 119.7
A85: Rural+Urban | B85: 2015 | C85: April | D85: =_xlfn.CONCAT(LEFT(Table1[[#This Row],[Month]],3),"-",RIGHT(Table1[[#This Row],[Year]],2)) -> Apr-15 | E85: 123.5 | F85: 126.4 | G85: 114.4 | H85: 126.6 | I85: 109.2 | J85: 132.5 | K85: 128.6 | L85: 124.8 | M85: 95.7 | N85: 122.4 | O85: 118.5 | P85: 129.1 | Q85: 124 | R85: 126.9 | S85: 124.7 | T85: 120.8 | U85: 124.1 | V85: 119.2 | W85: 118.7 | X85: 119.7 | Y85: 117.1 | Z85: 110.1 | AA85: 115.9 | AB85: 121 | AC85: 111.7 | AD85: 115.1 | AE85: 120.7
A86: Rural | B86: 2015 | C86: May | D86: =_xlfn.CONCAT(LEFT(Table1[[#This Row],[Month]],3),"-",RIGHT(Table1[[#This Row],[Year]],2)) -> May-15 | E86: 123.5 | F86: 127.1 | G86: 117.3 | H86: 127.7 | I86: 112.5 | J86: 134.1 | K86: 128.5 | L86: 124.3 | M86: 97.6 | N86: 120.7 | O86: 120.2 | P86: 129.8 | Q86: 124.4 | R86: 126.7 | S86: 127.3 | T86: 124.1 | U86: 126.8 | V86: NA | W86: 121.9 | X86: 121.5 | Y86: 119.4 | Z86: 113.3 | AA86: 116.7 | AB86: 120.5 | AC86: 112.3 | AD86: 116.9 | AE86: 122.4
A87: Urban | B87: 2015 | C87: May | D87: =_xlfn.CONCAT(LEFT(Table1[[#This Row],[Month]],3),"-",RIGHT(Table1[[#This Row],[Year]],2)) -> May-15 | E87: 123.8 | F87: 129.7 | G87: 111.3 | H87: 126.6 | I87: 105.2 | J87: 130.8 | K87: 135.6 | L87: 142.6 | M87: 90.8 | N87: 128.8 | O87: 117.7 | P87: 129.9 | Q87: 126.1 | R87: 131.3 | S87: 122.4 | T87: 117.4 | U87: 121.6 | V87: 119.6 | W87: 114.9 | X87: 118.7 | Y87: 114.9 | Z87: 110.8 | AA87: 116 | AB87: 122 | AC87: 112.4 | AD87: 115.2 | AE87: 120.7
A88: Rural+Urban | B88: 2015 | C88: May | D88: =_xlfn.CONCAT(LEFT(Table1[[#This Row],[Month]],3),"-",RIGHT(Table1[[#This Row],[Year]],2)) -> May-15 | E88: 123.6 | F88: 128 | G88: 115 | H88: 127.3 | I88: 109.8 | J88: 132.6 | K88: 130.9 | L88: 130.5 | M88: 95.3 | N88: 123.4 | O88: 119.2 | P88: 129.8 | Q88: 125 | R88: 127.9 | S88: 125.4 | T88: 121.3 | U88: 124.7 | V88: 119.6 | W88: 119.2 | X88: 120.2 | Y88: 117.7 | Z88: 112 | AA88: 116.3 | AB88: 121.4 | AC88: 112.3 | AD88: 116.1 | AE88: 121.6
A89: Rural | B89: 2015 | C89: June | D89: =_xlfn.CONCAT(LEFT(Table1[[#This Row],[Month]],3),"-",RIGHT(Table1[[#This Row],[Year]],2)) -> Jun-15 | E89: 124.1 | F89: 130.4 | G89: 122.1 | H89: 128.7 | I89: 114.1 | J89: 133.2 | K89: 135.2 | L89: 131.9 | M89: 96.3 | N89: 123 | O89: 121.1 | P89: 131.2 | Q89: 126.6 | R89: 128.2 | S89: 128.4 | T89: 125.1 | U89: 128 | V89: NA | W89: 122.6 | X89: 122.8 | Y89: 120.4 | Z89: 114.2 | AA89: 117.9 | AB89: 122 | AC89: 113 | AD89: 117.9 | AE89: 124.1
A90: Urban | B90: 2015 | C90: June | D90: =_xlfn.CONCAT(LEFT(Table1[[#This Row],[Month]],3),"-",RIGHT(Table1[[#This Row],[Year]],2)) -> Jun-15 | E90: 123.6 | F90: 134.4 | G90: 120.9 | H90: 127.3 | I90: 106 | J90: 132.3 | K90: 146.7 | L90: 148.1 | M90: 89.8 | N90: 130.5 | O90: 118 | P90: 130.5 | Q90: 128.5 | R90: 132.1 | S90: 123.2 | T90: 117.6 | U90: 122.3 | V90: 119 | W90: 115.1 | X90: 119.2 | Y90: 115.4 | Z90: 111.7 | AA90: 116.2 | AB90: 123.8 | AC90: 112.5 | AD90: 116 | AE90: 121.7
A91: Rural+Urban | B91: 2015 | C91: June | D91: =_xlfn.CONCAT(LEFT(Table1[[#This Row],[Month]],3),"-",RIGHT(Table1[[#This Row],[Year]],2)) -> Jun-15 | E91: 123.9 | F91: 131.8 | G91: 121.6 | H91: 128.2 | I91: 111.1 | J91: 132.8 | K91: 139.1 | L91: 137.4 | M91: 94.1 | N91: 125.5 | O91: 119.8 | P91: 130.9 | Q91: 127.3 | R91: 129.2 | S91: 126.4 | T91: 122 | U91: 125.7 | V91: 119 | W91: 119.8 | X91: 121.1 | Y91: 118.5 | Z91: 112.9 | AA91: 116.9 | AB91: 123.1 | AC91: 112.8 | AD91: 117 | AE91: 123
A92: Rural | B92: 2015 | C92: July | D92: =_xlfn.CONCAT(LEFT(Table1[[#This Row],[Month]],3),"-",RIGHT(Table1[[#This Row],[Year]],2)) -> Jul-15 | E92: 124 | F92: 131.5 | G92: 122 | H92: 128.7 | I92: 113.5 | J92: 133.3 | K92: 140.8 | L92: 133.8 | M92: 94.1 | N92: 123.4 | O92: 121 | P92: 131.7 | Q92: 127.5 | R92: 129.4 | S92: 128.8 | T92: 125.5 | U92: 128.3 | V92: NA | W92: 123 | X92: 123 | Y92: 120.8 | Z92: 114.1 | AA92: 118 | AB92: 122.9 | AC92: 112.7 | AD92: 118.1 | AE92: 124.7
A93: Urban | B93: 2015 | C93: July | D93: =_xlfn.CONCAT(LEFT(Table1[[#This Row],[Month]],3),"-",RIGHT(Table1[[#This Row],[Year]],2)) -> Jul-15 | E93: 123.2 | F93: 134.3 | G93: 119.5 | H93: 127.7 | I93: 106.3 | J93: 132.8 | K93: 153.5 | L93: 149.5 | M93: 85.7 | N93: 131.5 | O93: 118.3 | P93: 131.1 | Q93: 129.5 | R93: 133.1 | S93: 123.5 | T93: 117.9 | U93: 122.7 | V93: 119.9 | W93: 115.3 | X93: 119.5 | Y93: 116 | Z93: 111.5 | AA93: 116.6 | AB93: 125.4 | AC93: 111.7 | AD93: 116.3 | AE93: 122.4
A94: Rural+Urban | B94: 2015 | C94: July | D94: =_xlfn.CONCAT(LEFT(Table1[[#This Row],[Month]],3),"-",RIGHT(Table1[[#This Row],[Year]],2)) -> Jul-15 | E94: 123.7 | F94: 132.5 | G94: 121 | H94: 128.3 | I94: 110.9 | J94: 133.1 | K94: 145.1 | L94: 139.1 | M94: 91.3 | N94: 126.1 | O94: 119.9 | P94: 131.4 | Q94: 128.2 | R94: 130.4 | S94: 126.7 | T94: 122.3 | U94: 126.1 | V94: 119.9 | W94: 120.1 | X94: 121.3 | Y94: 119 | Z94: 112.7 | AA94: 117.2 | AB94: 124.4 | AC94: 112.3 | AD94: 117.2 | AE94: 123.6
A95: Rural | B95: 2015 | C95: August | D95: =_xlfn.CONCAT(LEFT(Table1[[#This Row],[Month]],3),"-",RIGHT(Table1[[#This Row],[Year]],2)) -> Aug-15 | E95: 124.7 | F95: 131.3 | G95: 121.3 | H95: 128.8 | I95: 114 | J95: 134.2 | K95: 153.6 | L95: 137.9 | M95: 93.1 | N95: 123.9 | O95: 121.5 | P95: 132.5 | Q95: 129.8 | R95: 130.1 | S95: 129.5 | T95: 126.3 | U95: 129 | V95: NA | W95: 123.8 | X95: 123.7 | Y95: 121.1 | Z95: 113.6 | AA95: 118.5 | AB95: 123.6 | AC95: 112.5 | AD95: 118.2 | AE95: 126.1
A96: Urban | B96: 2015 | C96: August | D96: =_xlfn.CONCAT(LEFT(Table1[[#This Row],[Month]],3),"-",RIGHT(Table1[[#This Row],[Year]],2)) -> Aug-15 | E96: 123.1 | F96: 131.7 | G96: 118.1 | H96: 128 | I96: 106.8 | J96: 130.1 | K96: 165.5 | L96: 156 | M96: 85.3 | N96: 132.7 | O96: 118.8 | P96: 131.7 | Q96: 131.1 | R96: 134.2 | S96: 123.7 | T96: 118.2 | U96: 122.9 | V96: 120.9 | W96: 115.3 | X96: 120 | Y96: 116.6 | Z96: 109.9 | AA96: 117.2 | AB96: 126.2 | AC96: 112 | AD96: 116.2 | AE96: 123.2
A97: Rural+Urban | B97: 2015 | C97: August | D97: =_xlfn.CONCAT(LEFT(Table1[[#This Row],[Month]],3),"-",RIGHT(Table1[[#This Row],[Year]],2)) -> Aug-15 | E97: 124.2 | F97: 131.4 | G97: 120.1 | H97: 128.5 | I97: 111.4 | J97: 132.3 | K97: 157.6 | L97: 144 | M97: 90.5 | N97: 126.8 | O97: 120.4 | P97: 132.1 | Q97: 130.3 | R97: 131.2 | S97: 127.2 | T97: 122.9 | U97: 126.6 | V97: 120.9 | W97: 120.6 | X97: 122 | Y97: 119.4 | Z97: 111.7 | AA97: 117.8 | AB97: 125.1 | AC97: 112.3 | AD97: 117.2 | AE97: 124.8
A98: Rural | B98: 2015 | C98: September | D98: =_xlfn.CONCAT(LEFT(Table1[[#This Row],[Month]],3),"-",RIGHT(Table1[[#This Row],[Year]],2)) -> Sep-15 | E98: 125.1 | F98: 131.1 | G98: 120.7 | H98: 129.2 | I98: 114.7 | J98: 132.3 | K98: 158.9 | L98: 142.1 | M98: 92.5 | N98: 125.4 | O98: 121.9 | P98: 132.7 | Q98: 131 | R98: 131 | S98: 130.4 | T98: 126.8 | U98: 129.9 | V98: NA | W98: 123.7 | X98: 124.5 | Y98: 121.4 | Z98: 113.8 | AA98: 119.6 | AB98: 124.5 | AC98: 113.7 | AD98: 118.8 | AE98: 127
A99: Urban | B99: 2015 | C99: September | D99: =_xlfn.CONCAT(LEFT(Table1[[#This Row],[Month]],3),"-",RIGHT(Table1[[#This Row],[Year]],2)) -> Sep-15 | E99: 123.4 | F99: 129 | G99: 115.6 | H99: 128.3 | I99: 107 | J99: 124 | K99: 168.5 | L99: 165.4 | M99: 86.3 | N99: 134.4 | O99: 119.1 | P99: 132.3 | Q99: 131.5 | R99: 134.7 | S99: 124 | T99: 118.6 | U99: 123.2 | V99: 121.6 | W99: 115.1 | X99: 120.4 | Y99: 117.1 | Z99: 109.1 | AA99: 117.3 | AB99: 126.5 | AC99: 112.9 | AD99: 116.2 | AE99: 123.5
A100: Rural+Urban | B100: 2015 | C100: September | D100: =_xlfn.CONCAT(LEFT(Table1[[#This Row],[Month]],3),"-",RIGHT(Table1[[#This Row],[Year]],2)) -> Sep-15 | E100: 124.6 | F100: 130.4 | G100: 118.7 | H100: 128.9 | I100: 111.9 | J100: 128.4 | K100: 162.2 | L100: 150 | M100: 90.4 | N100: 128.4 | O100: 120.7 | P100: 132.5 | Q100: 131.2 | R100: 132 | S100: 127.9 | T100: 123.4 | U100: 127.2 | V100: 121.6 | W100: 120.4 | X100: 122.6 | Y100: 119.8 | Z100: 111.3 | AA100: 118.3 | AB100: 125.7 | AC100: 113.4 | AD100: 117.5 | AE100: 125.4
...

Sheet Data_Structured&Imputed
A1: Year | B1: Month | C1: Period | D1: Attribute | E1: Rural | F1: Rural+Urban | G1: Urban | H1: Category
A2: 2013 | B2: April | C2: Apr-13 | D2: Cereals and products | E2: 110.2 | F2: 111.6 | G2: 114.6 | H2: Food & Beverages
A3: 2013 | B3: August | C3: Aug-13 | D3: Cereals and products | E3: 114.3 | F3: 115.6 | G3: 118.3 | H3: Food & Beverages
A4: 2013 | B4: April | C4: Apr-13 | D4: Clothing | E4: 108.1 | F4: 108 | G4: 107.9 | H4: Apparel
A5: 2013 | B5: April | C5: Apr-13 | D5: Meat and fish | E5: 109.5 | F5: 110.9 | G5: 113.4 | H5: Food & Beverages
A6: 2013 | B6: April | C6: Apr-13 | D6: Clothing and footwear | E6: 108 | F6: 107.9 | G6: 107.7 | H6: Apparel
A7: 2013 | B7: April | C7: Apr-13 | D7: Egg | E7: 106.9 | F7: 106.6 | G7: 106 | H7: Food & Beverages
A8: 2013 | B8: April | C8: Apr-13 | D8: Education | E8: 104.8 | F8: 105 | G8: 105.2 | H8: Education
A9: 2013 | B9: April | C9: Apr-13 | D9: Milk and products | E9: 106.3 | F9: 105.7 | G9: 104.7 | H9: Food & Beverages
A10: 2013 | B10: April | C10: Apr-13 | D10: Oils and fats | E10: 105.7 | F10: 104.4 | G10: 102.1 | H10: Food & Beverages
A11: 2013 | B11: April | C11: Apr-13 | D11: Food and beverages | E11: 107.1 | F11: 107.7 | G11: 108.8 | H11: Food & Beverages
A12: 2013 | B12: April | C12: Apr-13 | D12: Fruits | E12: 108.3 | F12: 108.9 | G12: 109.5 | H12: Food & Beverages
A13: 2013 | B13: April | C13: Apr-13 | D13: Footwear | E13: 107.4 | F13: 107 | G13: 106.4 | H13: Apparel
... A2243: 2020 | B2243: April | C2243: Apr-20 | D2243: Cereals and products | E2243: 147.2 | F2243: 148.7 | G2243: 151.8 | H2243: Food & Beverages
A2244: 2020 | B2244: April | C2244: Apr-20 | D2244: Clothing | E2244: =VLOOKUP(CPI_Inflation_Data_Structured[[#This Row],[Attribute]],'Moving Average'!$A$4:$D$32,2,0) -> 153.06667 | F2244: =VLOOKUP(CPI_Inflation_Data_Structured[[#This Row],[Attribute]],'Moving Average'!$A$4:$D$32,3,0) -> 150.83333 | G2244: =VLOOKUP(CPI_Inflation_Data_Structured[[#This Row],[Attribute]],'Moving Average'!$A$4:$D$32,4,0) -> 147.33333 | H2244: Apparel
A2245: 2020 | B2245: April | C2245: Apr-20 | D2245: Clothing and footwear | E2245: =VLOOKUP(CPI_Inflation_Data_Structured[[#This Row],[Attribute]],'Moving Average'!$A$4:$D$32,2,0) -> 152.3 | F2245: =VLOOKUP(CPI_Inflation_Data_Structured[[#This Row],[Attribute]],'Moving Average'!$A$4:$D$32,3,0) -> 149.5 | G2245: =VLOOKUP(CPI_Inflation_Data_Structured[[#This Row],[Attribute]],'Moving Average'!$A$4:$D$32,4,0) -> 145.23333 | H2245: Apparel
A2246: 2020 | B2246: April | C2246: Apr-20 | D2246: Education | E2246: =VLOOKUP(CPI_Inflation_Data_Structured[[#This Row],[Attribute]],'Moving Average'!$A$4:$D$32,2,0) -> 161.6 | F2246: =VLOOKUP(CPI_Inflation_Data_Structured[[#This Row],[Attribute]],'Moving Average'!$A$4:$D$32,3,0) -> 156.13333 | G2246: =VLOOKUP(CPI_Inflation_Data_Structured[[#This Row],[Attribute]],'Moving Average'!$A$4:$D$32,4,0) -> 152.26667 | H2246: Education
A2247: 2020 | B2247: April | C2247: Apr-20 | D2247: Egg | E2247: 146.9 | F2247: 148.8 | G2247: 151.9 | H2247: Food & Beverages
A2248: 2020 | B2248: April | C2248: Apr-20 | D2248: Food and beverages | E2248: 150.1 | F2248: 151.4 | G2248: 153.5 | H2248: Food & Beverages
A2249: 2020 | B2249: April | C2249: Apr-20 | D2249: Footwear | E2249: =VLOOKUP(CPI_Inflation_Data_Structured[[#This Row],[Attribute]],'Moving Average'!$A$4:$D$32,2,0) -> 147.5 | F2249: =VLOOKUP(CPI_Inflation_Data_Structured[[#This Row],[Attribute]],'Moving Average'!$A$4:$D$32,3,0) -> 141.7 | G2249: =VLOOKUP(CPI_Inflation_Data_Structured[[#This Row],[Attribute]],'Moving Average'!$A$4:$D$32,4,0) -> 133.5 | H2249: Apparel
A2250: 2020 | B2250: April | C2250: Apr-20 | D2250: Fruits | E2250: 147.3 | F2250: 149.9 | G2250: 152.9 | H2250: Food & Beverages
A2251: 2020 | B2251: April | C2251: Apr-20 | D2251: Fuel and light | E2251: 148.4 | F2251: 144.1 | G2251: 137.1 | H2251: Energy
A2252: 2020 | B2252: April | C2252: Apr-20 | D2252: General index | E2252: =VLOOKUP(CPI_Inflation_Data_Structured[[#This Row],[Attribute]],'Moving Average'!$A$4:$D$32,2,0) -> 150.7 | F2252: =VLOOKUP(CPI_Inflation_Data_Structured[[#This Row],[Attribute]],'Moving Average'!$A$4:$D$32,3,0) -> 149.3 | G2252: =VLOOKUP(CPI_Inflation_Data_Structured[[#This Row],[Attribute]],'Moving Average'!$A$4:$D$32,4,0) -> 147.73333 | H2252: General Index
A2253: 2020 | B2253: April | C2253: Apr-20 | D2253: Health | E2253: 154.3 | F2253: 150.7 | G2253: 144.8 | H2253: Health
A2254: 2020 | B2254: April | C2254: Apr-20 | D2254: Household goods and services | E2254: =VLOOKUP(CPI_Inflation_Data_Structured[[#This Row],[Attribute]],'Moving Average'!$A$4:$D$32,2,0) -> 151.66667 | F2254: =VLOOKUP(CPI_Inflation_Data_Structured[[#This Row],[Attribute]],'Moving Average'!$A$4:$D$32,3,0) -> 146.33333 | G2254: =VLOOKUP(CPI_Inflation_Data_Structured[[#This Row],[Attribute]],'Moving Average'!$A$4:$D$32,4,0) -> 140.43333 | H2254: Housing
A2255: 2020 | B2255: April | C2255: Apr-20 | D2255: Housing | E2255: 0 | F2255: 155.6 | G2255: 155.6 | H2255: Housing
A2256: 2020 | B2256: April | C2256: Apr-20 | D2256: Meat and fish | E2256: =VLOOKUP(CPI_Inflation_Data_Structured[[#This Row],[Attribute]],'Moving Average'!$A$4:$D$32,2,0) -> 167.2 | F2256: =VLOOKUP(CPI_Inflation_Data_Structured[[#This Row],[Attribute]],'Moving Average'!$A$4:$D$32,3,0) -> 167.3 | G2256: =VLOOKUP(CPI_Inflation_Data_Structured[[#This Row],[Attribute]],'Moving Average'!$A$4:$D$32,4,0) -> 167.56667 | H2256: Food & Beverages
A2257: 2020 | B2257: April | C2257: Apr-20 | D2257: Milk and products | E2257: 155.6 | F2257: 155.6 | G2257: 155.5 | H2257: Food & Beverages
A2258: 2020 | B2258: April | C2258: Apr-20 | D2258: Miscellaneous | E2258: =VLOOKUP(CPI_Inflation_Data_Structured[[#This Row],[Attribute]],'Moving Average'!$A$4:$D$32,2,0) -> 148.36667 | F2258: =VLOOKUP(CPI_Inflation_Data_Structured[[#This Row],[Attribute]],'Moving Average'!$A$4:$D$32,3,0) -> 143.6 | G2258: =VLOOKUP(CPI_Inflation_Data_Structured[[#This Row],[Attribute]],'Moving Average'!$A$4:$D$32,4,0) -> 138.5 | H2258: Other goods & services
A2259: 2020 | B2259: April | C2259: Apr-20 | D2259: Non-alcoholic beverages | E2259: 139.2 | F2259: 136.8 | G2259: 133.5 | H2259: Food & Beverages
A2260: 2020 | B2260: April | C2260: Apr-20 | D2260: Oils and fats | E2260: 137.1 | F2260: 135.1 | G2260: 131.6 | H2260: Food & Beverages
A2261: 2020 | B2261: April | C2261: Apr-20 | D2261: Pan, tobacco and intoxicants | E2261: =VLOOKUP(CPI_Inflation_Data_Structured[[#This Row],[Attribute]],'Moving Average'!$A$4:$D$32,2,0) -> 169.5 | F2261: =VLOOKUP(CPI_Inflation_Data_Structured[[#This Row],[Attribute]],'Moving Average'!$A$4:$D$32,3,0) -> 170.16667 | G2261: =VLOOKUP(CPI_Inflation_Data_Structured[[#This Row],[Attribute]],'Moving Average'!$A$4:$D$32,4,0) -> 172.03333 | H2261: Other goods & services
A2262: 2020 | B2262: April | C2262: Apr-20 | D2262: Personal care and effects | E2262: =VLOOKUP(CPI_Inflation_Data_Structured[[#This Row],[Attribute]],'Moving Average'!$A$4:$D$32,2,0) -> 143.66667 | F2262: =VLOOKUP(CPI_Inflation_Data_Structured[[#This Row],[Attribute]],'Moving Average'!$A$4:$D$32,3,0) -> 143.63333 | G2262: =VLOOKUP(CPI_Inflation_Data_Structured[[#This Row],[Attribute]],'Moving Average'!$A$4:$D$32,4,0) -> 143.63333 | H2262: Other goods & services
A2263: 2020 | B2263: April | C2263: Apr-20 | D2263: Prepared meals, snacks, sweets etc. | E2263: =VLOOKUP(CPI_Inflation_Data_Structured[[#This Row],[Attribute]],'Moving Average'!$A$4:$D$32,2,0) -> 159.3 | F2263: =VLOOKUP(CPI_Inflation_Data_Structured[[#This Row],[Attribute]],'Moving Average'!$A$4:$D$32,3,0) -> 159.1 | G2263: =VLOOKUP(CPI_Inflation_Data_Structured[[#This Row],[Attribute]],'Moving Average'!$A$4:$D$32,4,0) -> 158.86667 | H2263: Food & Beverages
A2264: 2020 | B2264: April | C2264: Apr-20 | D2264: Pulses and products | E2264: 150.2 | F2264: 150.4 | G2264: 150.8 | H2264: Food & Beverages
A2265: 2020 | B2265: April | C2265: Apr-20 | D2265: Recreation and amusement | E2265: =VLOOKUP(CPI_Inflation_Data_Structured[[#This Row],[Attribute]],'Moving Average'!$A$4:$D$32,2,0) -> 150.56667 | F2265: =VLOOKUP(CPI_Inflation_Data_Structured[[#This Row],[Attribute]],'Moving Average'!$A$4:$D$32,3,0) -> 143.23333 | G2265: =VLOOKUP(CPI_Inflation_Data_Structured[[#This Row],[Attribute]],'Moving Average'!$A$4:$D$32,4,0) -> 137.6 | H2265: Recreation
A2266: 2020 | B2266: April | C2266: Apr-20 | D2266: Spices | E2266: 158.7 | F2266: 157.1 | G2266: 154 | H2266: Food & Beverages
A2267: 2020 | B2267: April | C2267: Apr-20 | D2267: Sugar and Confectionery | E2267: 119.8 | F2267: 120.3 | G2267: 121.2 | H2267: Food & Beverages
A2268: 2020 | B2268: April | C2268: Apr-20 | D2268: Transport and communication | E2268: =VLOOKUP(CPI_Inflation_Data_Structured[[#This Row],[Attribute]],'Moving Average'!$A$4:$D$32,2,0) -> 136.03333 | F2268: =VLOOKUP(CPI_Inflation_Data_Structured[[#This Row],[Attribute]],'Moving Average'!$A$4:$D$32,3,0) -> 130.36667 | G2268: =VLOOKUP(CPI_Inflation_Data_Structured[[#This Row],[Attribute]],'Moving Average'!$A$4:$D$32,4,0) -> 125.3 | H2268: Transport
A2269: 2020 | B2269: April | C2269: Apr-20 | D2269: Vegetables | E2269: 162.7 | F2269: 168.6 | G2269: 180 | H2269: Food & Beverages
A2270: 2020 | B2270: August | C2270: Aug-20 | D2270: Cereals and products | E2270: 147.6 | F2270: 148.9 | G2270: 151.6 | H2270: Food & Beverages
A2271: 2020 | B2271: August | C2271: Aug-20 | D2271: Clothing | E2271: 155.1 | F2271: 153.1 | G2271: 150 | H2271: Apparel
A2272: 2020 | B2272: August | C2272: Aug-20 | D2272: Clothing and footwear | E2272: 154.3 | F2272: 151.7 | G2272: 147.8 | H2272: Apparel
A2273: 2020 | B2273: August | C2273: Aug-20 | D2273: Education | E2273: 162.7 | F2273: 158.5 | G2273: 155.5 | H2273: Education
A2274: 2020 | B2274: August | C2274: Aug-20 | D2274: Egg | E2274: 148.4 | F2274: 150.8 | G2274: 154.5 | H2274: Food & Beverages
A2275: 2020 | B2275: August | C2275: Aug-20 | D2275: Food and beverages | E2275: 155.3 | F2275: 157 | G2275: 159.9 | H2275: Food & Beverages
A2276: 2020 | B2276: August | C2276: Aug-20 | D2276: Footwear | E2276: 149.3 | F2276: 143.4 | G2276: 135.2 | H2276: Apparel
A2277: 2020 | B2277: August | C2277: Aug-20 | D2277: Fruits | E2277: 146.9 | F2277: 150.4 | G2277: 154.5 | H2277: Food & Beverages
A2278: 2020 | B2278: August | C2278: Aug-20 | D2278: Fuel and light | E2278: 145.8 | F2278: 143 | G2278: 138.3 | H2278: Energy
A2279: 2020 | B2279: August | C2279: Aug-20 | D2279: General index | E2279: 154.7 | F2279: 153.9 | G2279: 152.9 | H2279: General Index
A2280: 2020 | B2280: August | C2280: Aug-20 | D2280: Health | E2280: 158.8 | F2280: 155 | G2280: 148.7 | H2280: Health
... A2458: 2020 | B2458: March | C2458: Mar-20 | D2458: Vegetables | E2458: 152.3 | F2458: 157.3 | G2458: 167 | H2458: Food & Beverages
A2459: 2020 | B2459: May | C2459: May-20 | D2459: Cereals and products | E2459: =VLOOKUP(CPI_Inflation_Data_Structured[[#This Row],[Attribute]],'Moving Average'!$F$4:$I$32,2,0) -> 145.26667 | F2459: =VLOOKUP(CPI_Inflation_Data_Structured[[#This Row],[Attribute]],'Moving Average'!$F$4:$I$32,3,0) -> 146.2 | G2459: =VLOOKUP(CPI_Inflation_Data_Structured[[#This Row],[Attribute]],'Moving Average'!$F$4:$I$32,4,0) -> 148.16667 | H2459: Food & Beverages
A2460: 2020 | B2460: May | C2460: May-20 | D2460: Clothing | E2460: =VLOOKUP(CPI_Inflation_Data_Structured[[#This Row],[Attribute]],'Moving Average'!$F$4:$I$32,2,0) -> 153.15556 | F2460: =VLOOKUP(CPI_Inflation_Data_Structured[[#This Row],[Attribute]],'Moving Average'!$F$4:$I$32,3,0) -> 149.77778 | G2460: =VLOOKUP(CPI_Inflation_Data_Structured[[#This Row],[Attribute]],'Moving Average'!$F$4:$I$32,4,0) -> 148.61111 | H2460: Apparel
A2461: 2020 | B2461: May | C2461: May-20 | D2461: Clothing and footwear | E2461: =VLOOKUP(CPI_Inflation_Data_Structured[[#This Row],[Attribute]],'Moving Average'!$F$4:$I$32,2,0) -> 152.36667 | F2461: =VLOOKUP(CPI_Inflation_Data_Structured[[#This Row],[Attribute]],'Moving Average'!$F$4:$I$32,3,0) -> 148.17778 | G2461: =VLOOKUP(CPI_Inflation_Data_Structured[[#This Row],[Attribute]],'Moving Average'!$F$4:$I$32,4,0) -> 146.76667 | H2461: Apparel
A2462: 2020 | B2462: May | C2462: May-20 | D2462: Education | E2462: =VLOOKUP(CPI_Inflation_Data_Structured[[#This Row],[Attribute]],'Moving Average'!$F$4:$I$32,2,0) -> 161.56667 | F2462: =VLOOKUP(CPI_Inflation_Data_Structured[[#This Row],[Attribute]],'Moving Average'!$F$4:$I$32,3,0) -> 154.85556 | G2462: =VLOOKUP(CPI_Inflation_Data_Structured[[#This Row],[Attribute]],'Moving Average'!$F$4:$I$32,4,0) -> 153.61111 | H2462: Education
A2463: 2020 | B2463: May | C2463: May-20 | D2463: Egg | E2463: =VLOOKUP(CPI_Inflation_Data_Structured[[#This Row],[Attribute]],'Moving Average'!$F$4:$I$32,2,0) -> 148.46667 | F2463: =VLOOKUP(CPI_Inflation_Data_Structured[[#This Row],[Attribute]],'Moving Average'!$F$4:$I$32,3,0) -> 149.56667 | G2463: =VLOOKUP(CPI_Inflation_Data_Structured[[#This Row],[Attribute]],'Moving Average'!$F$4:$I$32,4,0) -> 151.3 | H2463: Food & Beverages
A2464: 2020 | B2464: May | C2464: May-20 | D2464: Food and beverages | E2464: =VLOOKUP(CPI_Inflation_Data_Structured[[#This Row],[Attribute]],'Moving Average'!$F$4:$I$32,2,0) -> 149.36667 | F2464: =VLOOKUP(CPI_Inflation_Data_Structured[[#This Row],[Attribute]],'Moving Average'!$F$4:$I$32,3,0) -> 150.26667 | G2464: =VLOOKUP(CPI_Inflation_Data_Structured[[#This Row],[Attribute]],'Moving Average'!$F$4:$I$32,4,0) -> 151.76667 | H2464: Food & Beverages
A2465: 2020 | B2465: May | C2465: May-20 | D2465: Footwear | E2465: =VLOOKUP(CPI_Inflation_Data_Structured[[#This Row],[Attribute]],'Moving Average'!$F$4:$I$32,2,0) -> 147.53333 | F2465: =VLOOKUP(CPI_Inflation_Data_Structured[[#This Row],[Attribute]],'Moving Average'!$F$4:$I$32,3,0) -> 139.03333 | G2465: =VLOOKUP(CPI_Inflation_Data_Structured[[#This Row],[Attribute]],'Moving Average'!$F$4:$I$32,4,0) -> 136.33333 | H2465: Apparel
A2466: 2020 | B2466: May | C2466: May-20 | D2466: Fruits | E2466: =VLOOKUP(CPI_Inflation_Data_Structured[[#This Row],[Attribute]],'Moving Average'!$F$4:$I$32,2,0) -> 143.26667 | F2466: =VLOOKUP(CPI_Inflation_Data_Structured[[#This Row],[Attribute]],'Moving Average'!$F$4:$I$32,3,0) -> 144.73333 | G2466: =VLOOKUP(CPI_Inflation_Data_Structured[[#This Row],[Attribute]],'Moving Average'!$F$4:$I$32,4,0) -> 146.43333 | H2466: Food & Beverages
A2467: 2020 | B2467: May | C2467: May-20 | D2467: Fuel and light | E2467: =VLOOKUP(CPI_Inflation_Data_Structured[[#This Row],[Attribute]],'Moving Average'!$F$4:$I$32,2,0) -> 151.36667 | F2467: =VLOOKUP(CPI_Inflation_Data_Structured[[#This Row],[Attribute]],'Moving Average'!$F$4:$I$32,3,0) -> 146.73333 | G2467: =VLOOKUP(CPI_Inflation_Data_Structured[[#This Row],[Attribute]],'Moving Average'!$F$4:$I$32,4,0) -> 139.13333 | H2467: Energy
A2468: 2020 | B2468: May | C2468: May-20 | D2468: General index | E2468: =VLOOKUP(CPI_Inflation_Data_Structured[[#This Row],[Attribute]],'Moving Average'!$F$4:$I$32,2,0) -> 150.3 | F2468: =VLOOKUP(CPI_Inflation_Data_Structured[[#This Row],[Attribute]],'Moving Average'!$F$4:$I$32,3,0) -> 148.47778 | G2468: =VLOOKUP(CPI_Inflation_Data_Structured[[#This Row],[Attribute]],'Moving Average'!$F$4:$I$32,4,0) -> 148.1 | H2468: General Index
A2469: 2020 | B2469: May | C2469: May-20 | D2469: Health | E2469: =VLOOKUP(CPI_Inflation_Data_Structured[[#This Row],[Attribute]],'Moving Average'!$F$4:$I$32,2,0) -> 155.73333 | F2469: =VLOOKUP(CPI_Inflation_Data_Structured[[#This Row],[Attribute]],'Moving Average'!$F$4:$I$32,3,0) -> 151.56667 | G2469: =VLOOKUP(CPI_Inflation_Data_Structured[[#This Row],[Attribute]],'Moving Average'!$F$4:$I$32,4,0) -> 144.73333 | H2469: Health
A2470: 2020 | B2470: May | C2470: May-20 | D2470: Household goods and services | E2470: =VLOOKUP(CPI_Inflation_Data_Structured[[#This Row],[Attribute]],'Moving Average'!$F$4:$I$32,2,0) -> 151.65556 | F2470: =VLOOKUP(CPI_Inflation_Data_Structured[[#This Row],[Attribute]],'Moving Average'!$F$4:$I$32,3,0) -> 144.41111 | G2470: =VLOOKUP(CPI_Inflation_Data_Structured[[#This Row],[Attribute]],'Moving Average'!$F$4:$I$32,4,0) -> 142.51111 | H2470: Housing
... A2485: 2020 | B2485: May | C2485: May-20 | D2485: Vegetables | E2485: =VLOOKUP(CPI_Inflation_Data_Structured[[#This Row],[Attribute]],'Moving Average'!$F$4:$I$32,2,0) -> 160.03333 | F2485: =VLOOKUP(CPI_Inflation_Data_Structured[[#This Row],[Attribute]],'Moving Average'!$F$4:$I$32,3,0) -> 165.53333 | G2485: =VLOOKUP(CPI_Inflation_Data_Structured[[#This Row],[Attribute]],'Moving Average'!$F$4:$I$32,4,0) -> 176.23333 | H2485: Food & Beverages
A2486: 2020 | B2486: November | C2486: Nov-20 | D2486: Cereals and products | E2486: 145.4 | F2486: 146.8 | G2486: 149.7 | H2486: Food & Beverages
A2487: 2020 | B2487: November | C2487: Nov-20 | D2487: Clothing | E2487: 156.3 | F2487: 154.3 | G2487: 151.1 | H2487: Apparel
A2488: 2020 | B2488: November | C2488: Nov-20 | D2488: Clothing and footwear | E2488: 155.5 | F2488: 152.8 | G2488: 148.8 | H2488: Apparel
A2489: 2020 | B2489: November | C2489: Nov-20 | D2489: Education | E2489: 161.6 | F2489: 158.6 | G2489: 156.4 | H2489: Education
A2490: 2020 | B2490: November | C2490: Nov-20 | D2490: Egg | E2490: 171.6 | F2490: 173.6 | G2490: 176.9 | H2490: Food & Beverages
A2491: 2020 | B2491: November | C2491: Nov-20 | D2491: Food and beverages | E2491: 163.4 | F2491: 164.7 | G2491: 167 | H2491: Food & Beverages
A2492: 2020 | B2492: November | C2492: Nov-20 | D2492: Footwear | E2492: 151 | F2492: 144.9 | G2492: 136.4 | H2492: Apparel
A2493: 2020 | B2493: November | C2493: Nov-20 | D2493: Fruits | E2493: 146.5 | F2493: 148.4 | G2493: 150.5 | H2493: Food & Beverages
A2494: 2020 | B2494: November | C2494: Nov-20 | D2494: Fuel and light | E2494: 147.5 | F2494: 143.6 | G2494: 137.3 | H2494: Energy
A2495: 2020 | B2495: November | C2495: Nov-20 | D2495: General index | E2495: 159.8 | F2495: 158.4 | G2495: 156.7 | H2495: General Index
A2496: 2020 | B2496: November | C2496: Nov-20 | D2496: Health | E2496: 160.4 | F2496: 157.2 | G2496: 152 | H2496: Health
A2497: 2020 | B2497: November | C2497: Nov-20 | D2497: Household goods and services | E2497: 152.8 | F2497: 149.2 | G2497: 145.1 | H2497: Housing
... A3349: 2023 | B3349: May | C3349: May-23 | D3349: Vegetables | E3349: 148.7 | F3349: 161 | G3349: 185 | H3349: Food & Beverages

Sheet Data_Imputed
A1: Year | B1: Month | C1: Period | D1: Attribute | E1: Rural | F1: Rural+Urban | G1: Urban | H1: Category | K1: Year | L1: Month | M1: Period | N1: Attribute | O1: Category | P1: Sector | Q1: CPI
A2: 2013 | B2: April | C2: Apr-13 | D2: Cereals and products | E2: 110.2 | F2: 111.6 | G2: 114.6 | H2: Food & Beverages | K2: 2013 | L2: April | M2: Apr-13 | N2: Cereals and products | O2: Food & Beverages | P2: Rural | Q2: 110.2
A3: 2013 | B3: August | C3: Aug-13 | D3: Cereals and products | E3: 114.3 | F3: 115.6 | G3: 118.3 | H3: Food & Beverages | K3: 2013 | L3: April | M3: Apr-13 | N3: Cereals and products | O3: Food & Beverages | P3: Rural+Urban | Q3: 111.6
A4: 2013 | B4: April | C4: Apr-13 | D4: Clothing | E4: 108.1 | F4: 108 | G4: 107.9 | H4: Apparel | K4: 2013 | L4: April | M4: Apr-13 | N4: Cereals and products | O4: Food & Beverages | P4: Urban | Q4: 114.6
A5: 2013 | B5: April | C5: Apr-13 | D5: Meat and fish | E5: 109.5 | F5: 110.9 | G5: 113.4 | H5: Food & Beverages | K5: 2013 | L5: August | M5: Aug-13 | N5: Cereals and products | O5: Food & Beverages | P5: Rural | Q5: 114.3
A6: 2013 | B6: April | C6: Apr-13 | D6: Clothing and footwear | E6: 108 | F6: 107.9 | G6: 107.7 | H6: Apparel | K6: 2013 | L6: August | M6: Aug-13 | N6: Cereals and products | O6: Food & Beverages | P6: Rural+Urban | Q6: 115.6
A7: 2013 | B7: April | C7: Apr-13 | D7: Egg | E7: 106.9 | F7: 106.6 | G7: 106 | H7: Food & Beverages | K7: 2013 | L7: August | M7: Aug-13 | N7: Cereals and products | O7: Food & Beverages | P7: Urban | Q7: 118.3
A8: 2013 | B8: April | C8: Apr-13 | D8: Education | E8: 104.8 | F8: 105 | G8: 105.2 | H8: Education | K8: 2013 | L8: April | M8: Apr-13 | N8: Clothing | O8: Apparel | P8: Rural | Q8: 108.1
A9: 2013 | B9: April | C9: Apr-13 | D9: Milk and products | E9: 106.3 | F9: 105.7 | G9: 104.7 | H9: Food & Beverages | K9: 2013 | L9: April | M9: Apr-13 | N9: Clothing | O9: Apparel | P9: Rural+Urban | Q9: 108
A10: 2013 | B10: April | C10: Apr-13 | D10: Oils and fats | E10: 105.7 | F10: 104.4 | G10: 102.1 | H10: Food & Beverages | K10: 2013 | L10: April | M10: Apr-13 | N10: Clothing | O10: Apparel | P10: Urban | Q10: 107.9
A11: 2013 | B11: April | C11: Apr-13 | D11: Food and beverages | E11: 107.1 | F11: 107.7 | G11: 108.8 | H11: Food & Beverages | K11: 2013 | L11: April | M11: Apr-13 | N11: Meat and fish | O11: Food & Beverages | P11: Rural | Q11: 109.5
A12: 2013 | B12: April | C12: Apr-13 | D12: Fruits | E12: 108.3 | F12: 108.9 | G12: 109.5 | H12: Food & Beverages | K12: 2013 | L12: April | M12: Apr-13 | N12: Meat and fish | O12: Food & Beverages | P12: Rural+Urban | Q12: 110.9
A13: 2013 | B13: April | C13: Apr-13 | D13: Footwear | E13: 107.4 | F13: 107 | G13: 106.4 | H13: Apparel | K13: 2013 | L13: April | M13: Apr-13 | N13: Meat and fish | O13: Food & Beverages | P13: Urban | Q13: 113.4
... A3349: 2023 | B3349: May | C3349: May-23 | D3349: Vegetables | E3349: 148.7 | F3349: 161 | G3349: 185 | H3349: Food & Beverages | K3349: 2016 | L3349: July | M3349: Jul-16 | N3349: Fuel and light | O3349: Energy | P3349: Urban | Q3349: 115.5
K3350: 2016 | L3350: July | M3350: Jul-16 | N3350: General index | O3350: General Index | P3350: Rural | Q3350: 133
K3351: 2016 | L3351: July | M3351: Jul-16 | N3351: General index | O3351: General Index | P3351: Rural+Urban | Q3351: 131.1
K3352: 2016 | L3352: July | M3352: Jul-16 | N3352: General index | O3352: General Index | P3352: Urban | Q3352: 129
K3353: 2016 | L3353: July | M3353: Jul-16 | N3353: Health | O3353: Health | P3353: Rural | Q3353: 126.7
K3354: 2016 | L3354: July | M3354: Jul-16 | N3354: Health | O3354: Health | P3354: Rural+Urban | Q3354: 124.5
K3355: 2016 | L3355: July | M3355: Jul-16 | N3355: Health | O3355: Health | P3355: Urban | Q3355: 120.9
K3356: 2016 | L3356: July | M3356: Jul-16 | N3356: Household goods and services | O3356: Housing | P3356: Rural | Q3356: 130
K3357: 2016 | L3357: July | M3357: Jul-16 | N3357: Household goods and services | O3357: Housing | P3357: Rural+Urban | Q3357: 126.9
K3358: 2016 | L3358: July | M3358: Jul-16 | N3358: Household goods and services | O3358: Housing | P3358: Urban | Q3358: 123.5
K3359: 2016 | L3359: July | M3359: Jul-16 | N3359: Housing | O3359: Housing | P3359: Rural | Q3359: 0
K3360: 2016 | L3360: July | M3360: Jul-16 | N3360: Housing | O3360: Housing | P3360: Rural+Urban | Q3360: 126.4
K3361: 2016 | L3361: July | M3361: Jul-16 | N3361: Housing | O3361: Housing | P3361: Urban | Q3361: 126.4
... K10045: 2023 | L10045: May | M10045: May-23 | N10045: Vegetables | O10045: Food & Beverages | P10045: Urban | Q10045: 185

Sheet Moving Average
A1: Year | B1: 2020 | F1: Year | G1: 2020
A2: Month | B2: (Multiple Items) | F2: Month | G2: (Multiple Items)
A3: Jan to Mar | F3: Feb to Apr
A4: Row Labels | B4: Average of Rural | C4: Average of Rural+Urban | D4: Average of Urban | F4: Row Labels | G4: Average of Rural | H4: Average of Rural+Urban | I4: Average of Urban
A5: Cereals and products | B5: 144.1 | C5: 144.73333 | D5: 146.1 | F5: Cereals and products | G5: 145.26667 | H5: 146.2 | I5: 148.16667
A6: Clothing | B6: 153.06667 | C6: 150.83333 | D6: 147.33333 | F6: Clothing | G6: 153.15556 | H6: 149.77778 | I6: 148.61111
A7: Clothing and footwear | B7: 152.3 | C7: 149.5 | D7: 145.23333 | F7: Clothing and footwear | G7: 152.36667 | H7: 148.17778 | I7: 146.76667
A8: Education | B8: 161.6 | C8: 156.13333 | D8: 152.26667 | F8: Education | G8: 161.56667 | H8: 154.85556 | I8: 153.61111
A9: Egg | B9: 150.66667 | C9: 151.6 | D9: 153 | F9: Egg | G9: 148.46667 | H9: 149.56667 | I9: 151.3
A10: Food and beverages | B10: 150.33333 | C10: 150.96667 | D10: 152.06667 | F10: Food and beverages | G10: 149.36667 | H10: 150.26667 | I10: 151.76667
A11: Footwear | B11: 147.5 | C11: 141.7 | D11: 133.5 | F11: Footwear | G11: 147.53333 | H11: 139.03333 | I11: 136.33333
A12: Fruits | B12: 141.56667 | C12: 142.5 | D12: 143.6 | F12: Fruits | G12: 143.26667 | H12: 144.73333 | I12: 146.43333
A13: Fuel and light | B13: 152.03333 | C13: 146.9 | D13: 138.46667 | F13: Fuel and light | G13: 151.36667 | H13: 146.73333 | I13: 139.13333
A14: General index | B14: 150.7 | C14: 149.3 | D14: 147.73333 | F14: General index | G14: 150.3 | H14: 148.47778 | I14: 148.1
A15: Health | B15: 156.2 | C15: 151.73333 | D15: 144.4 | F15: Health | G15: 155.73333 | H15: 151.56667 | I15: 144.73333
A16: Household goods and services | B16: 151.66667 | C16: 146.33333 | D16: 140.43333 | F16: Household goods and services | G16: 151.65556 | H16: 144.41111 | I16: 142.51111
... A32: Grand Total | B32: 143.98272 | C32: 147.91235 | D32: 145.96296 | F32: Grand Total | G32: 143.99588 | H32: 147.55062 | I32: 146.79136

Sheet CrudeOil_prices
A1: Year | B1: Attribute | C1: Value
A2: 2020-21 | B2: January | C2: 54.79
A3: 2020-21 | B3: February | C3: 61.22
A4: 2020-21 | B4: March | C4: 64.73
A5: 2021-22 | B5: April | C5: 63.4
A6: 2021-22 | B6: May | C6: 66.95
A7: 2021-22 | B7: June | C7: 71.98
A8: 2021-22 | B8: July | C8: 73.54
A9: 2021-22 | B9: August | C9: 69.8
A10: 2021-22 | B10: September | C10: 73.13
A11: 2021-22 | B11: October | C11: 82.11
A12: 2021-22 | B12: November | C12: 80.64
A13: 2021-22 | B13: December | C13: 73.3
... A30: 2023-24 | B30: May | C30: 74.98

Sheet PivotTables
A2: % Contribution of each category in CPI (Latest Month- May-23) | F2: Category-wise Inflation- Year: 2021 | J2: Y-o-Y % Change in Inflation (Rural+Urban Sector) | Q2: M-o-M Analysis: Category-wise[Period: 2021-23]
A3: Period | B3: May-23 | F3: Sector | G3: Rural+Urban | J3: Sector | K3: Rural+Urban | Q3: Average of CPI | R3: Year | S3: Month | T3: Period
R4: 2020 | S4: 2021 | AE4: 2022 | AQ4: 2023
A5: Average of CPI | B5: Sector | F5: Average of CPI | G5: Year | J5: Year | K5: Average of CPI | R5: December | S5: January | T5: February | U5: March | V5: April | W5: May | X5: June | Y5: July | Z5: August | AA5: September | AB5: October | AC5: November | AD5: December | AE5: January | AF5: February | AG5: March | AH5: April | AI5: May | AJ5: June | AK5: July | AL5: August | AM5: September | AN5: October | AO5: November | AP5: December | AQ5: January | AR5: February | AS5: March | AT5: April | AU5: May
A6: Category | B6: Rural+Urban | C6: Rural | D6: Urban | F6: Category | G6: 2020 | H6: 2021 | J6: 2016 | K6: 129.80432 | Q6: Category | R6: Dec-20 | S6: Jan-21 | T6: Feb-21 | U6: Mar-21 | V6: Apr-21 | W6: May-21 | X6: Jun-21 | Y6: Jul-21 | Z6: Aug-21 | AA6: Sep-21 | AB6: Oct-21 | AC6: Nov-21 | AD6: Dec-21 | AE6: Jan-22 | AF6: Feb-22 | AG6: Mar-22 | AH6: Apr-22 | AI6: May-22 | AJ6: Jun-22 | AK6: Jul-22 | AL6: Aug-22 | AM6: Sep-22 | AN6: Oct-22 | AO6: Nov-22 | AP6: Dec-22 | AQ6: Jan-23 | AR6: Feb-23 | AS6: Mar-23 | AT6: Apr-23 | AU6: May-23
A7: Apparel | B7: 184.4 | C7: 189.96667 | D7: 176.23333 | F7: Apparel | G7: 148.78395 | H7: 158.50833 | J7: 2017 | K7: 133.4037 | Q7: Energy | R7: 144.6 | S7: 147.9 | T7: 152.4 | U7: 155.5 | V7: 155.6 | W7: 159.4 | X7: 159.8 | Y7: 160.7 | Z7: 162.6 | AA7: 162.6 | AB7: 164.2 | AC7: 163.9 | AD7: 164.1 | AE7: 164.2 | AF7: 165.7 | AG7: 167.2 | AH7: 172.2 | AI7: 174.6 | AJ7: 176 | AK7: 179.6 | AL7: 178.8 | AM7: 179.5 | AN7: 180.5 | AO7: 181.3 | AP7: 182 | AQ7: 182 | AR7: 182.1 | AS7: 181.9 | AT7: 181.7 | AU7: 182.8
A8: Education | B8: 177.1 | C8: 180.3 | D8: 174.8 | F8: Education | G8: 157.05741 | H8: 162.11667 | J8: 2018 | K8: 137.85741 | Q8: Apparel | R8: 151.33333 | S8: 151.93333 | T8: 153.46667 | U8: 154.03333 | V8: 154.86667 | W8: 158.1 | X8: 158.23333 | Y8: 159.1 | Z8: 161 | AA8: 161.06667 | AB8: 162.1 | AC8: 163.46667 | AD8: 164.73333 | AE8: 166.36667 | AF8: 167.6 | AG8: 169.26667 | AH8: 171.06667 | AI8: 172.86667 | AJ8: 174.33333 | AK8: 175.63333 | AL8: 176.9 | AM8: 178.36667 | AN8: 179.4 | AO8: 180.46667 | AP8: 181.33333 | AQ8: 182.1 | AR8: 183.33333 | AS8: 183.3 | AT8: 183.93333 | AU8: 184.4
A9: Energy | B9: 182.8 | C9: 182.5 | D9: 183.4 | F9: Energy | G9: 144.37778 | H9: 159.05833 | J9: 2019 | K9: 142.87071 | Q9: Education | R9: 159.4 | S9: 159.2 | T9: 159.5 | U9: 160.2 | V9: 160.3 | W9: 161.2 | X9: 161.7 | Y9: 163.2 | Z9: 163.8 | AA9: 163.7 | AB9: 163.9 | AC9: 164.3 | AD9: 164.4 | AE9: 164.7 | AF9: 165.4 | AG9: 166 | AH9: 166.9 | AI9: 167.9 | AJ9: 169 | AK9: 171.4 | AL9: 172.3 | AM9: 173.1 | AN9: 173.4 | AO9: 173.7 | AP9: 174.1 | AQ9: 174.3 | AR9: 175 | AS9: 175 | AT9: 176.4 | AU9: 177.1
A10: Food & Beverages | B10: 177.45385 | C10: 176.20769 | D10: 179.62308 | F10: Food & Beverages | G10: 152.59174 | H10: 163.07949 | J10: 2020 | K10: 151.75113 | Q10: Food & Beverages | R10: 162.23846 | S10: 159.73077 | T10: 156.86923 | U10: 156.87692 | V10: 158.77692 | W10: 161.97692 | X10: 164.14615 | Y10: 165.15385 | Z10: 164.76923 | AA10: 164.76923 | AB10: 167.34615 | AC10: 168.77692 | AD10: 167.76154 | AE10: 166.47692 | AF10: 166.24615 | AG10: 168.01538 | AH10: 170.33077 | AI10: 172.22308 | AJ10: 173.99231 | AK10: 174.33077 | AL10: 174.55385 | AM10: 175.45385 | AN10: 176.71538 | AO10: 176.67692 | AP10: 175.64615 | AQ10: 176.36154 | AR10: 175.31538 | AS10: 175.32308 | AT10: 176.12308 | AU10: 177.45385
A11: Health | B11: 185.7 | C11: 187.8 | D11: 182.2 | F11: Health | G11: 154.05556 | H11: 165.84167 | J11: 2021 | K11: 161.99444 | Q11: Health | R11: 158.3 | S11: 159.3 | T11: 161.3 | U11: 161.7 | V11: 162.3 | W11: 165.8 | X11: 166.3 | Y11: 167 | Z11: 168.4 | AA11: 168.4 | AB11: 169.1 | AC11: 169.9 | AD11: 170.6 | AE11: 171.4 | AF11: 172.2 | AG11: 173 | AH11: 174 | AI11: 174.8 | AJ11: 175.4 | AK11: 176.1 | AL11: 176.8 | AM11: 177.8 | AN11: 178.7 | AO11: 179.8 | AP11: 181.1 | AQ11: 182.3 | AR11: 184.4 | AS11: 184.4 | AT11: 185 | AU11: 185.7
A12: Housing | B12: 175.4 | C12: 89.9 | D12: 172.85 | F12: Housing | G12: 151.46296 | H12: 158.32917 | J12: 2022 | K12: 172.34352 | Q12: Housing | R12: 154.05 | S12: 153.85 | T12: 155.35 | U12: 155.55 | V12: 156.6 | W12: 158.15 | X12: 157.65 | Y12: 158.65 | Z12: 159.8 | AA12: 159.8 | AB12: 161 | AC12: 161.75 | AD12: 161.8 | AE12: 162.8 | AF12: 163.65 | AG12: 164.05 | AH12: 165.5 | AI12: 166.35 | AJ12: 166.6 | AK12: 167.6 | AL12: 168.75 | AM12: 169.5 | AN12: 170.8 | AO12: 171.6 | AP12: 171.4 | AQ12: 172.5 | AR12: 173.85 | AS12: 173.85 | AT12: 174.9 | AU12: 175.4
A13: Other goods & services | B13: 187.3 | C13: 188.1 | D13: 187.13333 | F13: Other goods & services | G13: 158.54043 | H13: 169 | J13: 2023 | K13: 177.71481 | Q13: Other goods & services | R13: 164.56667 | S13: 165.06667 | T13: 165.83333 | U13: 165.23333 | V13: 166.2 | W13: 169.1 | X13: 169.06667 | Y13: 170.1 | Z13: 170.7 | AA13: 170.7 | AB13: 171.5 | AC13: 172.16667 | AD13: 172.33333 | AE13: 172.63333 | AF13: 173.56667 | AG13: 175.16667 | AH13: 176.5 | AI13: 176.66667 | AJ13: 177.06667 | AK13: 177.56667 | AL13: 178.43333 | AM13: 178.83333 | AN13: 179.63333 | AO13: 180.53333 | AP13: 181.7 | AQ13: 183.2 | AR13: 184.86667 | AS13: 184.86667 | AT13: 186.53333 | AU13: 187.3
A14: Recreation | B14: 171.2 | C14: 173.8 | D14: 169.2 | F14: Recreation | G14: 145.58611 | H14: 155.6 | Q14: Recreation | R14: 148.5 | S14: 149.6 | T14: 151.5 | U14: 152.6 | V14: 153.2 | W14: 155.8 | X14: 154.9 | Y14: 155.3 | Z14: 157.6 | AA14: 157.7 | AB14: 158.6 | AC14: 159.8 | AD14: 160.6 | AE14: 161.2 | AF14: 162.1 | AG14: 163.3 | AH14: 164.4 | AI14: 165.1 | AJ14: 165.8 | AK14: 166.3 | AL14: 166.9 | AM14: 167.6 | AN14: 168.2 | AO14: 168.5 | AP14: 168.9 | AQ14: 169.5 | AR14: 170.3 | AS14: 170.3 | AT14: 170.7 | AU14: 171.2
A15: Transport | B15: 164.8 | C15: 169.7 | D15: 160.4 | F15: Transport | G15: 134.98056 | H15: 150.55833 | Q15: Transport | R15: 140.7 | S15: 141.9 | T15: 145.1 | U15: 146.2 | V15: 146.6 | W15: 148.9 | X15: 150.7 | Y15: 153.1 | Z15: 154 | AA15: 154 | AB15: 155.7 | AC15: 154.8 | AD15: 155.7 | AE15: 156.5 | AF15: 156.9 | AG15: 157.9 | AH15: 162.6 | AI15: 163 | AJ15: 161.1 | AK15: 161.6 | AL15: 161.9 | AM15: 162.3 | AN15: 162.9 | AO15: 163 | AP15: 163.4 | AQ15: 163.6 | AR15: 164.2 | AS15: 164.2 | AT15: 164.5 | AU15: 164.8
A16: General Index | B16: 179.1 | C16: 179.8 | D16: 178.2 | Q16: General Index | R16: 158.9 | S16: 157.3 | T16: 156.6 | U16: 156.8 | V16: 157.8 | W16: 160.4 | X16: 161.3 | Y16: 162.5 | Z16: 163.2 | AA16: 163.2 | AB16: 165.5 | AC16: 166.7 | AD16: 166.2 | AE16: 165.7 | AF16: 166.1 | AG16: 167.7 | AH16: 170.1 | AI16: 171.7 | AJ16: 172.6 | AK16: 173.4 | AL16: 174.3 | AM16: 175.3 | AN16: 176.7 | AO16: 176.5 | AP16: 175.7 | AQ16: 176.5 | AR16: 177.2 | AS16: 177.2 | AT16: 178.1 | AU16: 179.1
A21: M-o-M Change- Food & Beverages Category | Q21: Impact of Covid-19 Pandemic (Y-o-Y Analysis) | Z21: Impact of Covid-19 Pandemic (M-o-M Analysis)
A22: Average of CPI | C22: Year | D22: Period | Q22: Average of CPI | R22: Year | Z22: Average of CPI | AA22: Year | AB22: Month | AC22: Period
C23: 2022 | K23: 2023 | Q23: Category | R23: 2017 | S23: 2018 | T23: 2019 | U23: 2020 | V23: 2021 | W23: 2022 | X23: 2023 | AA23: 2020
A24: Category | B24: Attribute | C24: May-22 | D24: Jun-22 | E24: Jul-22 | F24: Aug-22 | G24: Sep-22 | H24: Oct-22 | I24: Nov-22 | J24: Dec-22 | K24: Jan-23 | L24: Feb-23 | M24: Mar-23 | N24: Apr-23 | O24: May-23 | Q24: Apparel | R24: 136.77222 | S24: 143.03056 | T24: 145.59697 | U24: 148.78395 | V24: 158.50833 | W24: 174.46667 | X24: 183.41333 | AA24: January | AB24: February | AC24: March | AD24: April | AE24: May | AF24: June | AG24: July | AH24: August | AI24: September | AJ24: October | AK24: November | AL24: December
A25: Food & Beverages | B25: Cereals and products | C25: 154.1 | D25: 155 | E25: 156.5 | F25: 160.3 | G25: 163.5 | H25: 165.2 | I25: 167.4 | J25: 169.2 | K25: 173.8 | L25: 174.4 | M25: 174.4 | N25: 173.8 | O25: 173.7 | Q25: Education | R25: 136 | S25: 143.89167 | T25: 153.23636 | U25: 157.05741 | V25: 162.11667 | W25: 169.825 | X25: 175.56 | Z25: Category | AA25: Jan-20 | AB25: Feb-20 | AC25: Mar-20 | AD25: Apr-20 | AE25: May-20 | AF25: Jun-20 | AG25: Jul-20 | AH25: Aug-20 | AI25: Sep-20 | AJ25: Oct-20 | AK25: Nov-20 | AL25: Dec-20
B26: Egg | C26: 162.4 | D26: 170.8 | E26: 175.2 | F26: 169.2 | G26: 169.7 | H26: 170.9 | I26: 181.4 | J26: 190.2 | K26: 194.5 | L26: 175.2 | M26: 175.2 | N26: 169.6 | O26: 173.2 | Q26: Energy | R26: 130.50833 | S26: 139.775 | T26: 140.24545 | U26: 144.37778 | V26: 159.05833 | W26: 175.13333 | X26: 182.1 | Z26: Apparel | AA26: 147.06667 | AB26: 147.33333 | AC26: 147.63333 | AD26: 147.34444 | AE26: 145.66296 | AF26: 149.43333 | AG26: 149.43333 | AH26: 149.4 | AI26: 149.9 | AJ26: 150.2 | AK26: 150.66667 | AL26: 151.33333
B27: Food and beverages | C27: 173.3 | D27: 174.9 | E27: 175 | F27: 176.3 | G27: 177.8 | H27: 179.6 | I27: 178.3 | J27: 175.9 | K27: 176.7 | L27: 177 | M27: 177 | N27: 177.9 | O27: 179.1 | Q27: Food & Beverages | R27: 134.91859 | S27: 136.38141 | T27: 141.0049 | U27: 152.59174 | V27: 163.07949 | W27: 172.55513 | X27: 176.11538 | Z27: Education | AA27: 156.1 | AB27: 156.2 | AC27: 156.1 | AD27: 156.13333 | AE27: 154.85556 | AF27: 156.4 | AG27: 156.4 | AH27: 158.5 | AI27: 157.5 | AJ27: 158.5 | AK27: 158.6 | AL27: 159.4
B28: Fruits | C28: 171 | D28: 169.7 | E28: 174.2 | F28: 172.9 | G28: 165.7 | H28: 163.8 | I28: 160.7 | J28: 158 | K28: 158.3 | L28: 169.5 | M28: 169.5 | N28: 176.3 | O28: 172.2 | Q28: Health | R28: 129.54167 | S28: 137.58333 | T28: 147.84545 | U28: 154.05556 | V28: 165.84167 | W28: 175.925 | X28: 184.36 | Z28: Energy | AA28: 144.6 | AB28: 147.2 | AC28: 148.9 | AD28: 144.1 | AE28: 146.73333 | AF28: 141.9 | AG28: 141.9 | AH28: 143 | AI28: 142.9 | AJ28: 143.1 | AK28: 143.6 | AL28: 144.6
B29: Meat and fish | C29: 217 | D29: 219.4 | E29: 213 | F29: 206.5 | G29: 209.2 | H29: 210.9 | I29: 209.4 | J29: 209 | K29: 210.7 | L29: 207.7 | M29: 207.7 | N29: 209.3 | O29: 214.3 | Q29: Housing | R29: 132.77083 | S29: 141.20833 | T29: 147.56364 | U29: 151.46296 | V29: 158.32917 | W29: 167.38333 | X29: 174.1 | Z29: Food & Beverages | AA29: 149.26154 | AB29: 147.04615 | AC29: 145.8 | AD29: 149.93077 | AE29: 147.59316 | AF29: 151.29231 | AG29: 151.29231 | AH29: 153.47692 | AI29: 154.38462 | AJ29: 157.58462 | AK29: 161.2 | AL29: 162.23846
B30: Milk and products | C30: 164.9 | D30: 165.8 | E30: 166.6 | F30: 168.1 | G30: 169.7 | H30: 170.9 | I30: 172.3 | J30: 173.6 | K30: 174.6 | L30: 177.3 | M30: 177.3 | N30: 178.4 | O30: 179.5 | Q30: Other goods & services | R30: 132.88889 | S30: 140.49167 | T30: 147.1697 | U30: 158.54043 | V30: 169 | W30: 177.35833 | X30: 185.35333 | Z30: Health | AA30: 151.2 | AB30: 151.7 | AC30: 152.3 | AD30: 150.7 | AE30: 151.56667 | AF30: 154.4 | AG30: 154.4 | AH30: 155 | AI30: 155.6 | AJ30: 156.3 | AK30: 157.2 | AL30: 158.3
B31: Non-alcoholic beverages | C31: 167.1 | D31: 167.9 | E31: 168.4 | F31: 168.8 | G31: 169.4 | H31: 169.9 | I31: 170.4 | J31: 171 | K31: 171.4 | L31: 172.3 | M31: 172.3 | N31: 172.9 | O31: 173.4 | Q31: Recreation | R31: 126.55 | S31: 133.05833 | T31: 139.91818 | U31: 145.58611 | V31: 155.6 | W31: 165.69167 | X31: 170.4 | Z31: Housing | AA31: 150.05 | AB31: 150.6 | AC31: 150.45 | AD31: 150.96667 | AE31: 149.68889 | AF31: 150.55 | AG31: 150.55 | AH31: 151.95 | AI31: 152.5 | AJ31: 152.6 | AK31: 153.6 | AL31: 154.05
B32: Oils and fats | C32: 202.4 | D32: 200.9 | E32: 195.8 | F32: 192.4 | G32: 188.7 | H32: 186.5 | I32: 188.9 | J32: 188.5 | K32: 187.2 | L32: 179.3 | M32: 179.2 | N32: 174.9 | O32: 170 | Q32: Transport | R32: 117.33333 | S32: 123.125 | T32: 125.59091 | U32: 134.98056 | V32: 150.55833 | W32: 161.09167 | X32: 164.26 | Z32: Other goods & services | AA32: 151.63333 | AB32: 152.36667 | AC32: 153.4 | AD32: 152.46667 | AE32: 152.38519 | AF32: 160.7 | AG32: 160.7 | AH32: 161.96667 | AI32: 164.26667 | AJ32: 163.9 | AK32: 164.13333 | AL32: 164.56667
B33: Prepared meals, snacks, sweets etc. | C33: 182.5 | D33: 183.9 | E33: 185.2 | F33: 186.3 | G33: 187.4 | H33: 188.3 | I33: 189.5 | J33: 190.3 | K33: 191.2 | L33: 193 | M33: 193 | N33: 193.5 | O33: 194.2 | Q33: General Index | R33: 133.5 | S33: 138.775 | T33: 144.18182 | U33: 152.63148 | V33: 161.45833 | W33: 172.15 | X33: 177.62 | Z33: Recreation | AA33: 142.8 | AB33: 143.2 | AC33: 143.7 | AD33: 143.23333 | AE33: 141.5 | AF33: 148.3 | AG33: 148.3 | AH33: 146 | AI33: 146.6 | AJ33: 146.5 | AK33: 148.4 | AL33: 148.5
B34: Pulses and products | C34: 164.7 | D34: 164.3 | E34: 164.3 | F34: 167.2 | G34: 169.1 | H34: 169.8 | I34: 170.5 | J34: 170.8 | K34: 170.9 | L34: 171 | M34: 171.1 | N34: 173.4 | O34: 175.6 | Z34: Transport | AA34: 130.9 | AB34: 130.3 | AC34: 129.9 | AD34: 130.36667 | AE34: 128.5 | AF34: 135 | AG34: 135 | AH34: 138.5 | AI34: 139.6 | AJ34: 140.6 | AK34: 140.4 | AL34: 140.7
B35: Spices | C35: 184.9 | D35: 187.1 | E35: 190 | F35: 193.6 | G35: 197.3 | H35: 199.9 | I35: 202.8 | J35: 205.2 | K35: 208.4 | L35: 209.7 | M35: 209.7 | N35: 212.9 | O35: 218 | Z35: General Index | AA35: 150.2 | AB35: 149.1 | AC35: 148.6 | AD35: 149.3 | AE35: 148.47778 | AF35: 151.8 | AG35: 151.8 | AH35: 153.9 | AI35: 154.7 | AJ35: 156.4 | AK35: 158.4 | AL35: 158.9
B36: Sugar and Confectionery | C36: 119.7 | D36: 119.9 | E36: 120 | F36: 120.9 | G36: 121.6 | H36: 121.9 | I36: 122.1 | J36: 121.8 | K36: 121.1 | L36: 120 | M36: 120 | N36: 121.3 | O36: 122.7
B37: Vegetables | C37: 174.9 | D37: 182.3 | E37: 182.1 | F37: 186.7 | G37: 191.8 | H37: 199.7 | I37: 183.1 | J37: 159.9 | K37: 153.9 | L37: 152.7 | M37: 152.8 | N37: 155.4 | O37: 161
A38: Food & Beverages Total | C38: 172.22308 | D38: 173.99231 | E38: 174.33077 | F38: 174.55385 | G38: 175.45385 | H38: 176.71538 | I38: 176.67692 | J38: 175.64615 | K38: 176.36154 | L38: 175.31538 | M38: 175.32308 | N38: 176.12308 | O38: 177.45385
A41: Y-o-Y General Index CPI Trend Analysis
A42: Category | B42: General Index
A44: Average of CPI | B44: Sector
A45: Year | B45: Rural | C45: Urban | D45: Rural+Urban
A46: 2013 | B46: 110.4 | C46: 109.60833 | D46: 110.03333
A47: 2014 | B47: 117.89167 | C47: 116.74167 | D47: 117.35
A48: 2015 | B48: 124.30833 | C48: 121.69167 | D48: 123.10833
A49: 2016 | B49: 131.275 | C49: 126.825 | D49: 129.2
A50: 2017 | B50: 135.63333 | C50: 131.025 | D50: 133.5
A51: 2018 | B51: 140.73333 | C51: 136.5 | D51: 138.775
A52: 2019 | B52: 145.18182 | C52: 143.01818 | D52: 144.18182
A53: 2020 | B53: 153.88333 | C53: 151.36111 | D53: 152.63148
A54: 2021 | B54: 162.03333 | C54: 160.75833 | D54: 161.45833
A55: 2022 | B55: 173.125 | C55: 170.95 | D55: 172.15
A56: 2023 | B56: 178.48 | C56: 176.62 | D56: 177.62
A58: M-o-M Inflation in General Index CPI: Trend Analysis [2017-2023]
A59: Category | B59: General Index
A61: Average of CPI | B61: Year | C61: Month | D61: Period
B62: 2016 | C62: 2017 | O62: 2018 | AA62: 2019 | AL62: 2020 | AX62: 2021 | BJ62: 2022 | BV62: 2023
B63: December | C63: January | D63: February | E63: March | F63: April | G63: May | H63: June | I63: July | J63: August | K63: September | L63: October | M63: November | N63: December | O63: January | P63: February | Q63: March | R63: April | S63: May | T63: June | U63: July | V63: August | W63: September | X63: October | Y63: November | Z63: December | AA63: January | AB63: February | AC63: March | AD63: May | AE63: June | AF63: July | AG63: August | AH63: September | AI63: October | AJ63: November | AK63: December | AL63: January | AM63: February | AN63: March | AO63: April | AP63: May | AQ63: June | AR63: July | AS63: August | AT63: September | AU63: October | AV63: November | AW63: December | AX63: January | AY63: February | AZ63: March | BA63: April | BB63: May | BC63: June | BD63: July | BE63: August | BF63: September | BG63: October | BH63: November | BI63: December | BJ63: January | BK63: February | BL63: March | BM63: April | BN63: May | BO63: June | BP63: July | BQ63: August | BR63: September | BS63: October | BT63: November | BU63: December | BV63: January | BW63: February | BX63: March | BY63: April | BZ63: May
A64: Sector | B64: Dec-16 | C64: Jan-17 | D64: Feb-17 | E64: Mar-17 | F64: Apr-17 | G64: May-17 | H64: Jun-17 | I64: Jul-17 | J64: Aug-17 | K64: Sep-17 | L64: Oct-17 | M64: Nov-17 | N64: Dec-17 | O64: Jan-18 | P64: Feb-18 | Q64: Mar-18 | R64: Apr-18 | S64: May-18 | T64: Jun-18 | U64: Jul-18 | V64: Aug-18 | W64: Sep-18 | X64: Oct-18 | Y64: Nov-18 | Z64: Dec-18 | AA64: Jan-19 | AB64: Feb-19 | AC64: Mar-19 | AD64: May-19 | AE64: Jun-19 | AF64: Jul-19 | AG64: Aug-19 | AH64: Sep-19 | AI64: Oct-19 | AJ64: Nov-19 | AK64: Dec-19 | AL64: Jan-20 | AM64: Feb-20 | AN64: Mar-20 | AO64: Apr-20 | AP64: May-20 | AQ64: Jun-20 | AR64: Jul-20 | AS64: Aug-20 | AT64: Sep-20 | AU64: Oct-20 | AV64: Nov-20 | AW64: Dec-20 | AX64: Jan-21 | AY64: Feb-21 | AZ64: Mar-21 | BA64: Apr-21 | BB64: May-21 | BC64: Jun-21 | BD64: Jul-21 | BE64: Aug-21 | BF64: Sep-21 | BG64: Oct-21 | BH64: Nov-21 | BI64: Dec-21 | BJ64: Jan-22 | BK64: Feb-22 | BL64: Mar-22 | BM64: Apr-22 | BN64: May-22 | BO64: Jun-22 | BP64: Jul-22 | BQ64: Aug-22 | BR64: Sep-22 | BS64: Oct-22 | BT64: Nov-22 | BU64: Dec-22 | BV64: Jan-23 | BW64: Feb-23 | BX64: Mar-23 | BY64: Apr-23 | BZ64: May-23
A65: Rural+Urban | B65: 130.4 | C65: 130.3 | D65: 130.6 | E65: 130.9 | F65: 131.1 | G65: 131.4 | H65: 132 | I65: 134.2 | J65: 135.4 | K65: 135.2 | L65: 136.1 | M65: 137.6 | N65: 137.2 | O65: 136.9 | P65: 136.4 | Q65: 136.5 | R65: 137.1 | S65: 137.8 | T65: 138.5 | U65: 139.8 | V65: 140.4 | W65: 140.2 | X65: 140.8 | Y65: 140.8 | Z65: 140.1 | AA65: 139.6 | AB65: 139.9 | AC65: 140.4 | AD65: 142 | AE65: 142.9 | AF65: 144.2 | AG65: 145 | AH65: 145.8 | AI65: 147.2 | AJ65: 148.6 | AK65: 150.4 | AL65: 150.2 | AM65: 149.1 | AN65: 148.6 | AO65: 149.3 | AP65: 148.47778 | AQ65: 151.8 | AR65: 151.8 | AS65: 153.9 | AT65: 154.7 | AU65: 156.4 | AV65: 158.4 | AW65: 158.9 | AX65: 157.3 | AY65: 156.6 | AZ65: 156.8 | BA65: 157.8 | BB65: 160.4 | BC65: 161.3 | BD65: 162.5 | BE65: 163.2 | BF65: 163.2 | BG65: 165.5 | BH65: 166.7 | BI65: 166.2 | BJ65: 165.7 | BK65: 166.1 | BL65: 167.7 | BM65: 170.1 | BN65: 171.7 | BO65: 172.6 | BP65: 173.4 | BQ65: 174.3 | BR65: 175.3 | BS65: 176.7 | BT65: 176.5 | BU65: 175.7 | BV65: 176.5 | BW65: 177.2 | BX65: 177.2 | BY65: 178.1 | BZ65: 179.1
A66: Rural | B66: 132.8 | C66: 132.4 | D66: 132.6 | E66: 132.8 | F66: 132.9 | G66: 133.3 | H66: 133.9 | I66: 136.2 | J66: 137.8 | K66: 137.6 | L66: 138.3 | M66: 140 | N66: 139.8 | O66: 139.3 | P66: 138.5 | Q66: 138.7 | R66: 139.1 | S66: 139.8 | T66: 140.5 | U66: 141.8 | V66: 142.5 | W66: 142.1 | X66: 142.2 | Y66: 142.4 | Z66: 141.9 | AA66: 141 | AB66: 141 | AC66: 141.2 | AD66: 142.4 | AE66: 143.6 | AF66: 144.9 | AG66: 145.7 | AH66: 146.7 | AI66: 148.3 | AJ66: 149.9 | AK66: 152.3 | AL66: 151.9 | AM66: 150.4 | AN66: 149.8 | AO66: 150.7 | AP66: 150.3 | AQ66: 152.7 | AR66: 152.7 | AS66: 154.7 | AT66: 155.4 | AU66: 157.5 | AV66: 159.8 | AW66: 160.7 | AX66: 158.5 | AY66: 156.7 | AZ66: 156.7 | BA66: 157.6 | BB66: 161.1 | BC66: 162.1 | BD66: 163.2 | BE66: 163.6 | BF66: 164 | BG66: 166.3 | BH66: 167.6 | BI66: 167 | BJ66: 166.4 | BK66: 166.7 | BL66: 168.7 | BM66: 170.8 | BN66: 172.5 | BO66: 173.6 | BP66: 174.3 | BQ66: 175.3 | BR66: 176.4 | BS66: 177.9 | BT66: 177.8 | BU66: 177.1 | BV66: 177.8 | BW66: 178 | BX66: 178 | BY66: 178.8 | BZ66: 179.8
A67: Urban | B67: 127.6 | C67: 127.8 | D67: 128.2 | E67: 128.7 | F67: 129.1 | G67: 129.3 | H67: 129.9 | I67: 131.8 | J67: 132.7 | K67: 132.4 | L67: 133.5 | M67: 134.8 | N67: 134.1 | O67: 134.1 | P67: 134 | Q67: 134 | R67: 134.8 | S67: 135.4 | T67: 136.2 | U67: 137.5 | V67: 138 | W67: 138.1 | X67: 138.9 | Y67: 139 | Z67: 138 | AA67: 138 | AB67: 138.6 | AC67: 139.5 | AD67: 141.5 | AE67: 142.1 | AF67: 143.3 | AG67: 144.2 | AH67: 144.7 | AI67: 146 | AJ67: 147 | AK67: 148.3 | AL67: 148.2 | AM67: 147.7 | AN67: 147.3 | AO67: 147.73333 | AP67: 148.1 | AQ67: 150.8 | AR67: 150.8 | AS67: 152.9 | AT67: 154 | AU67: 155.2 | AV67: 156.7 | AW67: 156.9 | AX67: 156 | AY67: 156.5 | AZ67: 156.9 | BA67: 158 | BB67: 159.5 | BC67: 160.4 | BD67: 161.8 | BE67: 162.3 | BF67: 162.3 | BG67: 164.6 | BH67: 165.6 | BI67: 165.2 | BJ67: 165 | BK67: 165.5 | BL67: 166.5 | BM67: 169.2 | BN67: 170.8 | BO67: 171.4 | BP67: 172.3 | BQ67: 173.1 | BR67: 174.1 | BS67: 175.3 | BT67: 174.1 | BU67: 174.1 | BV67: 174.9 | BW67: 176.3 | BX67: 176.3 | BY67: 177.4 | BZ67: 178.2
A71: Sector | B71: Rural+Urban
A73: Average of CPI | B73: Year | C73: Month
B74: 2021 | N74: 2022 | Z74: 2023
A75: Attribute | B75: January | C75: February | D75: March | E75: April | F75: May | G75: June | H75: July | I75: August | J75: September | K75: October | L75: November | M75: December | N75: January | O75: February | P75: March | Q75: April | R75: May | S75: June | T75: July | U75: August | V75: September | W75: October | X75: November | Y75: December | Z75: January | AA75: February | AB75: March | AC75: April | AD75: May
A76: Cereals and products | B76: 144.9 | C76: 144.3 | D76: 144.1 | E76: 144.3 | F76: 146.3 | G76: 146.7 | H76: 146.4 | I76: 146.6 | J76: 146.6 | K76: 147.4 | L76: 148.2 | M76: 148.7 | N76: 149.5 | O76: 150 | P76: 151.3 | Q76: 152.9 | R76: 154.1 | S76: 155 | T76: 156.5 | U76: 160.3 | V76: 163.5 | W76: 165.2 | X76: 167.4 | Y76: 169.2 | Z76: 173.8 | AA76: 174.4 | AB76: 174.4 | AC76: 173.8 | AD76: 173.7
A77: Clothing | B77: 155.5 | C77: 157.2 | D77: 157.8 | E77: 158.8 | F77: 161.8 | G77: 162.2 | H77: 162.8 | I77: 164.5 | J77: 164.6 | K77: 165.7 | L77: 167.2 | M77: 168.5 | N77: 169.9 | O77: 170.8 | P77: 172.1 | Q77: 173.9 | R77: 175.6 | S77: 177.1 | T77: 178.3 | U77: 179.5 | V77: 180.9 | W77: 181.9 | X77: 183.1 | Y77: 184 | Z77: 184.9 | AA77: 186.2 | AB77: 186.1 | AC77: 186.9 | AD77: 187.3
A78: Clothing and footwear | B78: 154.2 | C78: 155.8 | D78: 156.4 | E78: 157.3 | F78: 160.4 | G78: 160.7 | H78: 161.4 | I78: 163.2 | J78: 163.3 | K78: 164.3 | L78: 165.8 | M78: 167 | N78: 168.5 | O78: 169.6 | P78: 171.1 | Q78: 172.8 | R78: 174.6 | S78: 176 | T78: 177.3 | U78: 178.5 | V78: 179.9 | W78: 181 | X78: 182.1 | Y78: 183 | Z78: 183.8 | AA78: 185.1 | AB78: 185.1 | AC78: 185.7 | AD78: 186.2
A79: Education | B79: 159.2 | C79: 159.5 | D79: 160.2 | E79: 160.3 | F79: 161.2 | G79: 161.7 | H79: 163.2 | I79: 163.8 | J79: 163.7 | K79: 163.9 | L79: 164.3 | M79: 164.4 | N79: 164.7 | O79: 165.4 | P79: 166 | Q79: 166.9 | R79: 167.9 | S79: 169 | T79: 171.4 | U79: 172.3 | V79: 173.1 | W79: 173.4 | X79: 173.7 | Y79: 174.1 | Z79: 174.3 | AA79: 175 | AB79: 175 | AC79: 176.4 | AD79: 177.1
A80: Egg | B80: 175.3 | C80: 168.7 | D80: 163.8 | E80: 164.6 | F80: 170.3 | G80: 180.7 | H80: 182.2 | I80: 172.8 | J80: 172.8 | K80: 171.2 | L80: 173 | M80: 177.9 | N80: 178.8 | O80: 175.8 | P80: 167.8 | Q80: 164.5 | R80: 162.4 | S80: 170.8 | T80: 175.2 | U80: 169.2 | V80: 169.7 | W80: 170.9 | X80: 181.4 | Y80: 190.2 | Z80: 194.5 | AA80: 175.2 | AB80: 175.2 | AC80: 169.6 | AD80: 173.2
A81: Food and beverages | B81: 161 | C81: 156.9 | D81: 156.7 | E81: 158 | F81: 160.7 | G81: 162.6 | H81: 164 | I81: 164 | J81: 164 | K81: 167.7 | L81: 169.7 | M81: 168.2 | N81: 166.4 | O81: 166.2 | P81: 168.4 | Q81: 170.8 | R81: 173.3 | S81: 174.9 | T81: 175 | U81: 176.3 | V81: 177.8 | W81: 179.6 | X81: 178.3 | Y81: 175.9 | Z81: 176.7 | AA81: 177 | AB81: 177 | AC81: 177.9 | AD81: 179.1
A82: Footwear | B82: 146.1 | C82: 147.4 | D82: 147.9 | E82: 148.5 | F82: 152.1 | G82: 151.8 | H82: 153.1 | I82: 155.3 | J82: 155.3 | K82: 156.3 | L82: 157.4 | M82: 158.7 | N82: 160.7 | O82: 162.4 | P82: 164.6 | Q82: 166.5 | R82: 168.4 | S82: 169.9 | T82: 171.3 | U82: 172.7 | V82: 174.3 | W82: 175.3 | X82: 176.2 | Y82: 177 | Z82: 177.6 | AA82: 178.7 | AB82: 178.7 | AC82: 179.2 | AD82: 179.7
A83: Fruits | B83: 149.6 | C83: 150.7 | D83: 153.7 | E83: 164.4 | F83: 167.1 | G83: 164.6 | H83: 163.9 | I83: 156.8 | J83: 156.7 | K83: 155.7 | L83: 156.5 | M83: 154.9 | N83: 153.7 | O83: 153.7 | P83: 157.6 | Q83: 172.6 | R83: 171 | S83: 169.7 | T83: 174.2 | U83: 172.9 | V83: 165.7 | W83: 163.8 | X83: 160.7 | Y83: 158 | Z83: 158.3 | AA83: 169.5 | AB83: 169.5 | AC83: 176.3 | AD83: 172.2
A84: General index | B84: 157.3 | C84: 156.6 | D84: 156.8 | E84: 157.8 | F84: 160.4 | G84: 161.3 | H84: 162.5 | I84: 163.2 | J84: 163.2 | K84: 165.5 | L84: 166.7 | M84: 166.2 | N84: 165.7 | O84: 166.1 | P84: 167.7 | Q84: 170.1 | R84: 171.7 | S84: 172.6 | T84: 173.4 | U84: 174.3 | V84: 175.3 | W84: 176.7 | X84: 176.5 | Y84: 175.7 | Z84: 176.5 | AA84: 177.2 | AB84: 177.2 | AC84: 178.1 | AD84: 179.1
A85: Health | B85: 159.3 | C85: 161.3 | D85: 161.7 | E85: 162.3 | F85: 165.8 | G85: 166.3 | H85: 167 | I85: 168.4 | J85: 168.4 | K85: 169.1 | L85: 169.9 | M85: 170.6 | N85: 171.4 | O85: 172.2 | P85: 173 | Q85: 174 | R85: 174.8 | S85: 175.4 | T85: 176.1 | U85: 176.8 | V85: 177.8 | W85: 178.7 | X85: 179.8 | Y85: 181.1 | Z85: 182.3 | AA85: 184.4 | AB85: 184.4 | AC85: 185 | AD85: 185.7
A86: Household goods and services | B86: 150 | C86: 150.9 | D86: 151.2 | E86: 151.8 | F86: 154.7 | G86: 154.8 | H86: 155.8 | I86: 157.5 | J86: 157.5 | K86: 158.4 | L86: 159.3 | M86: 160.2 | N86: 161.1 | O86: 161.8 | P86: 162.8 | Q86: 164 | R86: 165.2 | S86: 166.4 | T86: 167.4 | U86: 168.5 | V86: 169.5 | W86: 170.4 | X86: 171.4 | Y86: 172.1 | Z86: 172.9 | AA86: 174.2 | AB86: 174.2 | AC86: 174.6 | AD86: 175.2
A87: Housing | B87: 157.7 | C87: 159.8 | D87: 159.9 | E87: 161.4 | F87: 161.6 | G87: 160.5 | H87: 161.5 | I87: 162.1 | J87: 162.1 | K87: 163.6 | L87: 164.2 | M87: 163.4 | N87: 164.5 | O87: 165.5 | P87: 165.3 | Q87: 167 | R87: 167.5 | S87: 166.8 | T87: 167.8 | U87: 169 | V87: 169.5 | W87: 171.2 | X87: 171.8 | Y87: 170.7 | Z87: 172.1 | AA87: 173.5 | AB87: 173.5 | AC87: 175.2 | AD87: 175.6
... A102: Fuel and light | B102: 147.9 | C102: 152.4 | D102: 155.5 | E102: 155.6 | F102: 159.4 | G102: 159.8 | H102: 160.7 | I102: 162.6 | J102: 162.6 | K102: 164.2 | L102: 163.9 | M102: 164.1 | N102: 164.2 | O102: 165.7 | P102: 167.2 | Q102: 172.2 | R102: 174.6 | S102: 176 | T102: 179.6 | U102: 178.8 | V102: 179.5 | W102: 180.5 | X102: 181.3 | Y102: 182 | Z102: 182 | AA102: 182.1 | AB102: 181.9 | AC102: 181.7 | AD102: 182.8
A106: Attribute | B106: Correlation
A107: Cereals and products | B107: =CORREL(CrudeOil_prices[Value],B76:AD76) -> 0.25708758
A108: Clothing | B108: =CORREL(CrudeOil_prices[Value],B77:AD77) -> 0.51957718
A109: Clothing and footwear | B109: =CORREL(CrudeOil_prices[Value],B78:AD78) -> 0.52415473
A110: Education | B110: =CORREL(CrudeOil_prices[Value],B79:AD79) -> 0.43780938
A111: Egg | B111: =CORREL(CrudeOil_prices[Value],B80:AD80) -> -0.18636847
A112: Food and beverages | B112: =CORREL(CrudeOil_prices[Value],B81:AD81) -> 0.57572796
A113: Footwear | B113: =CORREL(CrudeOil_prices[Value],B82:AD82) -> 0.54712289
A114: Fruits | B114: =CORREL(CrudeOil_prices[Value],B83:AD83) -> 0.47239562
A115: General index | B115: =CORREL(CrudeOil_prices[Value],B84:AD84) -> 0.55317552
A116: Health | B116: =CORREL(CrudeOil_prices[Value],B85:AD85) -> 0.47641269
A117: Household goods and services | B117: =CORREL(CrudeOil_prices[Value],B86:AD86) -> 0.50593667
A118: Housing | B118: =CORREL(CrudeOil_prices[Value],B87:AD87) -> 0.42784338
... A133: Fuel and light | B133: =CORREL(CrudeOil_prices[Value],B102:AD102) -> 0.57023946

Sheet Analysis
A1: INDIA CPI INFLATION & TREND ANALYSIS
A4: =PivotTables!A2 -> % Contribution of each category in CPI (Latest Month- May-23) | G4: =PivotTables!A21 -> M-o-M Change- Food & Beverages Category
A5: Category | B5: Contribution | C5: =PivotTables!B6 -> Rural+Urban | G5: Component | H5: =PivotTables!D24 -> Jun-22 | I5: =PivotTables!E24 -> Jul-22 | J5: =PivotTables!F24 -> Aug-22 | K5: =PivotTables!G24 -> Sep-22 | L5: =PivotTables!H24 -> Oct-22 | M5: =PivotTables!I24 -> Nov-22 | N5: =PivotTables!J24 -> Dec-22 | O5: =PivotTables!K24 -> Jan-23 | ... S5: =PivotTables!O24 -> May-23
A6: Apparel | B6: =(C6/$C$15) -> 0.11480843 | C6: =PivotTables!B7 -> 184.4 | G6: Cereals and products | H6: =ABS((PivotTables!D25-PivotTables!C25)/PivotTables!C25) -> 0.0058403634 | I6: =ABS((PivotTables!E25-PivotTables!D25)/PivotTables!D25) -> 0.0096774194 | J6: =ABS((PivotTables!F25-PivotTables!E25)/PivotTables!E25) -> 0.02428115 | K6: =ABS((PivotTables!G25-PivotTables!F25)/PivotTables!F25) -> 0.01996257 | L6: =ABS((PivotTables!H25-PivotTables!G25)/PivotTables!G25) -> 0.010397554 | M6: =ABS((PivotTables!I25-PivotTables!H25)/PivotTables!H25) -> 0.013317191 | N6: =ABS((PivotTables!J25-PivotTables!I25)/PivotTables!I25) -> 0.010752688 | O6: =ABS((PivotTables!K25-PivotTables!J25)/PivotTables!J25) -> 0.027186761 | ... S6: =ABS((PivotTables!O25-PivotTables!N25)/PivotTables!N25) -> 0.00057537399
A7: Education | B7: =(C7/$C$15) -> 0.11026341 | C7: =PivotTables!B8 -> 177.1 | G7: Egg | H7: =ABS((PivotTables!D26-PivotTables!C26)/PivotTables!C26) -> 0.051724138 | I7: =ABS((PivotTables!E26-PivotTables!D26)/PivotTables!D26) -> 0.025761124 | J7: =ABS((PivotTables!F26-PivotTables!E26)/PivotTables!E26) -> 0.034246575 | K7: =ABS((PivotTables!G26-PivotTables!F26)/PivotTables!F26) -> 0.0029550827 | L7: =ABS((PivotTables!H26-PivotTables!G26)/PivotTables!G26) -> 0.0070713023 | M7: =ABS((PivotTables!I26-PivotTables!H26)/PivotTables!H26) -> 0.061439438 | N7: =ABS((PivotTables!J26-PivotTables!I26)/PivotTables!I26) -> 0.048511577 | O7: =ABS((PivotTables!K26-PivotTables!J26)/PivotTables!J26) -> 0.022607781 | ... S7: =ABS((PivotTables!O26-PivotTables!N26)/PivotTables!N26) -> 0.021226415
A8: Energy | B8: =(C8/$C$15) -> 0.11381226 | C8: =PivotTables!B9 -> 182.8 | G8: Food and beverages | H8: =ABS((PivotTables!D27-PivotTables!C27)/PivotTables!C27) -> 0.0092325447 | I8: =ABS((PivotTables!E27-PivotTables!D27)/PivotTables!D27) -> 0.00057175529 | J8: =ABS((PivotTables!F27-PivotTables!E27)/PivotTables!E27) -> 0.0074285714 | K8: =ABS((PivotTables!G27-PivotTables!F27)/PivotTables!F27) -> 0.0085082246 | L8: =ABS((PivotTables!H27-PivotTables!G27)/PivotTables!G27) -> 0.010123735 | M8: =ABS((PivotTables!I27-PivotTables!H27)/PivotTables!H27) -> 0.0072383073 | N8: =ABS((PivotTables!J27-PivotTables!I27)/PivotTables!I27) -> 0.01346046 | O8: =ABS((PivotTables!K27-PivotTables!J27)/PivotTables!J27) -> 0.0045480387 | ... S8: =ABS((PivotTables!O27-PivotTables!N27)/PivotTables!N27) -> 0.0067453626
A9: Food & Beverages | B9: =(C9/$C$15) -> 0.11048372 | C9: =PivotTables!B10 -> 177.45385 | G9: Fruits | H9: =ABS((PivotTables!D28-PivotTables!C28)/PivotTables!C28) -> 0.0076023392 | I9: =ABS((PivotTables!E28-PivotTables!D28)/PivotTables!D28) -> 0.026517384 | J9: =ABS((PivotTables!F28-PivotTables!E28)/PivotTables!E28) -> 0.0074626866 | K9: =ABS((PivotTables!G28-PivotTables!F28)/PivotTables!F28) -> 0.041642568 | L9: =ABS((PivotTables!H28-PivotTables!G28)/PivotTables!G28) -> 0.011466506 | M9: =ABS((PivotTables!I28-PivotTables!H28)/PivotTables!H28) -> 0.018925519 | N9: =ABS((PivotTables!J28-PivotTables!I28)/PivotTables!I28) -> 0.016801493 | O9: =ABS((PivotTables!K28-PivotTables!J28)/PivotTables!J28) -> 0.0018987342 | ... S9: =ABS((PivotTables!O28-PivotTables!N28)/PivotTables!N28) -> 0.023255814
A10: Health | B10: =(C10/$C$15) -> 0.11561782 | C10: =PivotTables!B11 -> 185.7 | G10: Meat and fish | H10: =ABS((PivotTables!D29-PivotTables!C29)/PivotTables!C29) -> 0.011059908 | I10: =ABS((PivotTables!E29-PivotTables!D29)/PivotTables!D29) -> 0.029170465 | J10: =ABS((PivotTables!F29-PivotTables!E29)/PivotTables!E29) -> 0.030516432 | K10: =ABS((PivotTables!G29-PivotTables!F29)/PivotTables!F29) -> 0.013075061 | L10: =ABS((PivotTables!H29-PivotTables!G29)/PivotTables!G29) -> 0.008126195 | M10: =ABS((PivotTables!I29-PivotTables!H29)/PivotTables!H29) -> 0.0071123755 | N10: =ABS((PivotTables!J29-PivotTables!I29)/PivotTables!I29) -> 0.0019102197 | O10: =ABS((PivotTables!K29-PivotTables!J29)/PivotTables!J29) -> 0.0081339713 | ... S10: =ABS((PivotTables!O29-PivotTables!N29)/PivotTables!N29) -> 0.023889154
A11: Housing | B11: =(C11/$C$15) -> 0.10920498 | C11: =PivotTables!B12 -> 175.4 | G11: Milk and products | H11: =ABS((PivotTables!D30-PivotTables!C30)/PivotTables!C30) -> 0.0054578532 | I11: =ABS((PivotTables!E30-PivotTables!D30)/PivotTables!D30) -> 0.0048250905 | J11: =ABS((PivotTables!F30-PivotTables!E30)/PivotTables!E30) -> 0.0090036014 | K11: =ABS((PivotTables!G30-PivotTables!F30)/PivotTables!F30) -> 0.009518144 | L11: =ABS((PivotTables!H30-PivotTables!G30)/PivotTables!G30) -> 0.0070713023 | M11: =ABS((PivotTables!I30-PivotTables!H30)/PivotTables!H30) -> 0.0081919251 | N11: =ABS((PivotTables!J30-PivotTables!I30)/PivotTables!I30) -> 0.0075449797 | O11: =ABS((PivotTables!K30-PivotTables!J30)/PivotTables!J30) -> 0.0057603687 | ... S11: =ABS((PivotTables!O30-PivotTables!N30)/PivotTables!N30) -> 0.0061659193
A12: Other goods & services | B12: =(C12/$C$15) -> 0.11661398 | C12: =PivotTables!B13 -> 187.3 | G12: Non-alcoholic beverages | H12: =ABS((PivotTables!D31-PivotTables!C31)/PivotTables!C31) -> 0.0047875524 | I12: =ABS((PivotTables!E31-PivotTables!D31)/PivotTables!D31) -> 0.0029779631 | J12: =ABS((PivotTables!F31-PivotTables!E31)/PivotTables!E31) -> 0.0023752969 | K12: =ABS((PivotTables!G31-PivotTables!F31)/PivotTables!F31) -> 0.0035545024 | L12: =ABS((PivotTables!H31-PivotTables!G31)/PivotTables!G31) -> 0.0029515939 | M12: =ABS((PivotTables!I31-PivotTables!H31)/PivotTables!H31) -> 0.0029429076 | N12: =ABS((PivotTables!J31-PivotTables!I31)/PivotTables!I31) -> 0.0035211268 | O12: =ABS((PivotTables!K31-PivotTables!J31)/PivotTables!J31) -> 0.0023391813 | ... S12: =ABS((PivotTables!O31-PivotTables!N31)/PivotTables!N31) -> 0.002891845
A13: Recreation | B13: =(C13/$C$15) -> 0.10659004 | C13: =PivotTables!B14 -> 171.2 | G13: Oils and fats | H13: =ABS((PivotTables!D32-PivotTables!C32)/PivotTables!C32) -> 0.0074110672 | I13: =ABS((PivotTables!E32-PivotTables!D32)/PivotTables!D32) -> 0.025385764 | J13: =ABS((PivotTables!F32-PivotTables!E32)/PivotTables!E32) -> 0.017364658 | K13: =ABS((PivotTables!G32-PivotTables!F32)/PivotTables!F32) -> 0.019230769 | L13: =ABS((PivotTables!H32-PivotTables!G32)/PivotTables!G32) -> 0.011658718 | M13: =ABS((PivotTables!I32-PivotTables!H32)/PivotTables!H32) -> 0.012868633 | N13: =ABS((PivotTables!J32-PivotTables!I32)/PivotTables!I32) -> 0.0021175225 | O13: =ABS((PivotTables!K32-PivotTables!J32)/PivotTables!J32) -> 0.0068965517 | ... S13: =ABS((PivotTables!O32-PivotTables!N32)/PivotTables!N32) -> 0.028016009
A14: Transport | B14: =(C14/$C$15) -> 0.10260536 | C14: =PivotTables!B15 -> 164.8 | G14: Prepared meals, snacks, sweets etc. | H14: =ABS((PivotTables!D33-PivotTables!C33)/PivotTables!C33) -> 0.0076712329 | I14: =ABS((PivotTables!E33-PivotTables!D33)/PivotTables!D33) -> 0.0070690593 | J14: =ABS((PivotTables!F33-PivotTables!E33)/PivotTables!E33) -> 0.0059395248 | K14: =ABS((PivotTables!G33-PivotTables!F33)/PivotTables!F33) -> 0.0059044552 | L14: =ABS((PivotTables!H33-PivotTables!G33)/PivotTables!G33) -> 0.0048025614 | M14: =ABS((PivotTables!I33-PivotTables!H33)/PivotTables!H33) -> 0.0063728093 | N14: =ABS((PivotTables!J33-PivotTables!I33)/PivotTables!I33) -> 0.0042216359 | O14: =ABS((PivotTables!K33-PivotTables!J33)/PivotTables!J33) -> 0.0047293747 | ... S14: =ABS((PivotTables!O33-PivotTables!N33)/PivotTables!N33) -> 0.0036175711
A15: Total | B15: =(C15/$C$15) -> 1 | C15: =SUM(C6:C14) -> 1606.1538 | G15: Pulses and products | H15: =ABS((PivotTables!D34-PivotTables!C34)/PivotTables!C34) -> 0.0024286582 | I15: =ABS((PivotTables!E34-PivotTables!D34)/PivotTables!D34) -> 0 | J15: =ABS((PivotTables!F34-PivotTables!E34)/PivotTables!E34) -> 0.017650639 | K15: =ABS((PivotTables!G34-PivotTables!F34)/PivotTables!F34) -> 0.011363636 | L15: =ABS((PivotTables!H34-PivotTables!G34)/PivotTables!G34) -> 0.0041395624 | M15: =ABS((PivotTables!I34-PivotTables!H34)/PivotTables!H34) -> 0.0041224971 | N15: =ABS((PivotTables!J34-PivotTables!I34)/PivotTables!I34) -> 0.0017595308 | O15: =ABS((PivotTables!K34-PivotTables!J34)/PivotTables!J34) -> 0.00058548009 | ... S15: =ABS((PivotTables!O34-PivotTables!N34)/PivotTables!N34) -> 0.012687428
G16: Spices | H16: =ABS((PivotTables!D35-PivotTables!C35)/PivotTables!C35) -> 0.011898323 | I16: =ABS((PivotTables!E35-PivotTables!D35)/PivotTables!D35) -> 0.015499733 | J16: =ABS((PivotTables!F35-PivotTables!E35)/PivotTables!E35) -> 0.018947368 | K16: =ABS((PivotTables!G35-PivotTables!F35)/PivotTables!F35) -> 0.01911157 | L16: =ABS((PivotTables!H35-PivotTables!G35)/PivotTables!G35) -> 0.013177902 | M16: =ABS((PivotTables!I35-PivotTables!H35)/PivotTables!H35) -> 0.014507254 | N16: =ABS((PivotTables!J35-PivotTables!I35)/PivotTables!I35) -> 0.01183432 | O16: =ABS((PivotTables!K35-PivotTables!J35)/PivotTables!J35) -> 0.015594542 | ... S16: =ABS((PivotTables!O35-PivotTables!N35)/PivotTables!N35) -> 0.023954908
G17: Sugar and Confectionery | H17: =ABS((PivotTables!D36-PivotTables!C36)/PivotTables!C36) -> 0.0016708438 | I17: =ABS((PivotTables!E36-PivotTables!D36)/PivotTables!D36) -> 0.00083402836 | J17: =ABS((PivotTables!F36-PivotTables!E36)/PivotTables!E36) -> 0.0075 | K17: =ABS((PivotTables!G36-PivotTables!F36)/PivotTables!F36) -> 0.005789909 | L17: =ABS((PivotTables!H36-PivotTables!G36)/PivotTables!G36) -> 0.0024671053 | M17: =ABS((PivotTables!I36-PivotTables!H36)/PivotTables!H36) -> 0.0016406891 | N17: =ABS((PivotTables!J36-PivotTables!I36)/PivotTables!I36) -> 0.0024570025 | O17: =ABS((PivotTables!K36-PivotTables!J36)/PivotTables!J36) -> 0.0057471264 | ... S17: =ABS((PivotTables!O36-PivotTables!N36)/PivotTables!N36) -> 0.011541632
G18: Vegetables | H18: =ABS((PivotTables!D37-PivotTables!C37)/PivotTables!C37) -> 0.042309891 | I18: =ABS((PivotTables!E37-PivotTables!D37)/PivotTables!D37) -> 0.0010970927 | J18: =ABS((PivotTables!F37-PivotTables!E37)/PivotTables!E37) -> 0.025260846 | K18: =ABS((PivotTables!G37-PivotTables!F37)/PivotTables!F37) -> 0.027316551 | L18: =ABS((PivotTables!H37-PivotTables!G37)/PivotTables!G37) -> 0.041188738 | M18: =ABS((PivotTables!I37-PivotTables!H37)/PivotTables!H37) -> 0.083124687 | N18: =ABS((PivotTables!J37-PivotTables!I37)/PivotTables!I37) -> 0.12670672 | O18: =ABS((PivotTables!K37-PivotTables!J37)/PivotTables!J37) -> 0.037523452 | ... S18: =ABS((PivotTables!O37-PivotTables!N37)/PivotTables!N37) -> 0.036036036
A28: =PivotTables!J2 -> Y-o-Y % Change in Inflation (Rural+Urban Sector) | C28: =PivotTables!F2 -> Category-wise Inflation- Year: 2021 | G28: =PivotTables!Q21 -> Impact of Covid-19 Pandemic (Y-o-Y Analysis) | O28: =PivotTables!Z21 -> Impact of Covid-19 Pandemic (M-o-M Analysis)
A29: Year | B29: % Change | C29: =PivotTables!F6 -> Category | D29: =B29 -> % Change | G29: =PivotTables!Q23 -> Category | H29: =PivotTables!S23 -> 2018 | I29: =PivotTables!T23 -> 2019 | J29: =PivotTables!U23 -> 2020 | K29: =PivotTables!V23 -> 2021 | L29: =PivotTables!W23 -> 2022 | M29: =PivotTables!X23 -> 2023 | O29: Category | P29: =PivotTables!AB25 -> Feb-20 | Q29: =PivotTables!AC25 -> Mar-20 | R29: =PivotTables!AD25 -> Apr-20 | S29: =PivotTables!AE25 -> May-20 | T29: =PivotTables!AF25 -> Jun-20 | U29: =PivotTables!AG25 -> Jul-20 | V29: =PivotTables!AH25 -> Aug-20 | W29: =PivotTables!AI25 -> Sep-20 | ... Z29: =PivotTables!AL25 -> Dec-20 | AA29: Sparklines
A30: 2017 | B30: =(PivotTables!K7-PivotTables!K6)/PivotTables!K6 -> 0.027729298 | C30: =PivotTables!F7 -> Apparel | D30: =(PivotTables!H7-PivotTables!G7)/PivotTables!G7 -> 0.065359084 | G30: =PivotTables!Q24 -> Apparel | H30: =(PivotTables!S24-PivotTables!R24)/PivotTables!R24 -> 0.045757342 | I30: =(PivotTables!T24-PivotTables!S24)/PivotTables!S24 -> 0.017943118 | J30: =(PivotTables!U24-PivotTables!T24)/PivotTables!T24 -> 0.021889061 | K30: =(PivotTables!V24-PivotTables!U24)/PivotTables!U24 -> 0.065359084 | L30: =(PivotTables!W24-PivotTables!V24)/PivotTables!V24 -> 0.1006782 | M30: =(PivotTables!X24-PivotTables!W24)/PivotTables!W24 -> 0.051280092 | O30: Apparel | P30: =(PivotTables!AB26-PivotTables!AA26)/PivotTables!AA26 -> 0.0018132366 | Q30: =(PivotTables!AC26-PivotTables!AB26)/PivotTables!AB26 -> 0.0020361991 | R30: =(PivotTables!AD26-PivotTables!AC26)/PivotTables!AC26 -> -0.0019567999 | S30: =(PivotTables!AE26-PivotTables!AD26)/PivotTables!AD26 -> -0.01141191 | T30: =(PivotTables!AF26-PivotTables!AE26)/PivotTables!AE26 -> 0.025884208 | U30: =(PivotTables!AG26-PivotTables!AF26)/PivotTables!AF26 -> 0 | V30: =(PivotTables!AH26-PivotTables!AG26)/PivotTables!AG26 -> -0.00022306491 | W30: =(PivotTables!AI26-PivotTables!AH26)/PivotTables!AH26 -> 0.0033467202 | ... Z30: =(PivotTables!AL26-PivotTables!AK26)/PivotTables!AK26 -> 0.0044247788
A31: 2018 | B31: =(PivotTables!K8-PivotTables!K7)/PivotTables!K7 -> 0.033385158 | C31: =PivotTables!F8 -> Education | D31: =(PivotTables!H8-PivotTables!G8)/PivotTables!G8 -> 0.032212803 | G31: =PivotTables!Q25 -> Education | H31: =(PivotTables!S25-PivotTables!R25)/PivotTables!R25 -> 0.058026961 | I31: =(PivotTables!T25-PivotTables!S25)/PivotTables!S25 -> 0.064942586 | J31: =(PivotTables!U25-PivotTables!T25)/PivotTables!T25 -> 0.02493562 | K31: =(PivotTables!V25-PivotTables!U25)/PivotTables!U25 -> 0.032212803 | L31: =(PivotTables!W25-PivotTables!V25)/PivotTables!V25 -> 0.047548062 | M31: =(PivotTables!X25-PivotTables!W25)/PivotTables!W25 -> 0.033770057 | O31: Education | P31: =(PivotTables!AB27-PivotTables!AA27)/PivotTables!AA27 -> 0.00064061499 | Q31: =(PivotTables!AC27-PivotTables!AB27)/PivotTables!AB27 -> -0.00064020487 | R31: =(PivotTables!AD27-PivotTables!AC27)/PivotTables!AC27 -> 0.00021353833 | S31: =(PivotTables!AE27-PivotTables!AD27)/PivotTables!AD27 -> -0.0081838884 | T31: =(PivotTables!AF27-PivotTables!AE27)/PivotTables!AE27 -> 0.009973452 | U31: =(PivotTables!AG27-PivotTables!AF27)/PivotTables!AF27 -> 0 | V31: =(PivotTables!AH27-PivotTables!AG27)/PivotTables!AG27 -> 0.01342711 | W31: =(PivotTables!AI27-PivotTables!AH27)/PivotTables!AH27 -> -0.0063091483 | ... Z31: =(PivotTables!AL27-PivotTables!AK27)/PivotTables!AK27 -> 0.0050441362
A32: 2019 | B32: =(PivotTables!K9-PivotTables!K8)/PivotTables!K8 -> 0.036365835 | C32: =PivotTables!F9 -> Energy | D32: =(PivotTables!H9-PivotTables!G9)/PivotTables!G9 -> 0.10168155 | G32: =PivotTables!Q26 -> Energy | H32: =(PivotTables!S26-PivotTables!R26)/PivotTables!R26 -> 0.071004406 | I32: =(PivotTables!T26-PivotTables!S26)/PivotTables!S26 -> 0.0033657989 | J32: =(PivotTables!U26-PivotTables!T26)/PivotTables!T26 -> 0.029464935 | K32: =(PivotTables!V26-PivotTables!U26)/PivotTables!U26 -> 0.10168155 | L32: =(PivotTables!W26-PivotTables!V26)/PivotTables!V26 -> 0.10106355 | M32: =(PivotTables!X26-PivotTables!W26)/PivotTables!W26 -> 0.039779216 | O32: Energy | P32: =(PivotTables!AB28-PivotTables!AA28)/PivotTables!AA28 -> 0.017980636 | Q32: =(PivotTables!AC28-PivotTables!AB28)/PivotTables!AB28 -> 0.011548913 | R32: =(PivotTables!AD28-PivotTables!AC28)/PivotTables!AC28 -> -0.0322364 | S32: =(PivotTables!AE28-PivotTables!AD28)/PivotTables!AD28 -> 0.018274347 | T32: =(PivotTables!AF28-PivotTables!AE28)/PivotTables!AE28 -> -0.032939573 | U32: =(PivotTables!AG28-PivotTables!AF28)/PivotTables!AF28 -> 0 | V32: =(PivotTables!AH28-PivotTables!AG28)/PivotTables!AG28 -> 0.007751938 | W32: =(PivotTables!AI28-PivotTables!AH28)/PivotTables!AH28 -> -0.0006993007 | ... Z32: =(PivotTables!AL28-PivotTables!AK28)/PivotTables!AK28 -> 0.0069637883
A33: 2020 | B33: =(PivotTables!K10-PivotTables!K9)/PivotTables!K9 -> 0.062157071 | C33: =PivotTables!F10 -> Food & Beverages | D33: =(PivotTables!H10-PivotTables!G10)/PivotTables!G10 -> 0.068730781 | G33: =PivotTables!Q27 -> Food & Beverages | H33: =(PivotTables!S27-PivotTables!R27)/PivotTables!R27 -> 0.010842246 | I33: =(PivotTables!T27-PivotTables!S27)/PivotTables!S27 -> 0.033901137 | J33: =(PivotTables!U27-PivotTables!T27)/PivotTables!T27 -> 0.082173337 | K33: =(PivotTables!V27-PivotTables!U27)/PivotTables!U27 -> 0.068730781 | L33: =(PivotTables!W27-PivotTables!V27)/PivotTables!V27 -> 0.058104432 | M33: =(PivotTables!X27-PivotTables!W27)/PivotTables!W27 -> 0.020632574 | O33: Food & Beverages | P33: =(PivotTables!AB29-PivotTables!AA29)/PivotTables!AA29 -> -0.014842301 | Q33: =(PivotTables!AC29-PivotTables!AB29)/PivotTables!AB29 -> -0.0084745763 | R33: =(PivotTables!AD29-PivotTables!AC29)/PivotTables!AC29 -> 0.028331751 | S33: =(PivotTables!AE29-PivotTables!AD29)/PivotTables!AD29 -> -0.015591242 | T33: =(PivotTables!AF29-PivotTables!AE29)/PivotTables!AE29 -> 0.025063121 | U33: =(PivotTables!AG29-PivotTables!AF29)/PivotTables!AF29 -> 0 | V33: =(PivotTables!AH29-PivotTables!AG29)/PivotTables!AG29 -> 0.014439699 | W33: =(PivotTables!AI29-PivotTables!AH29)/PivotTables!AH29 -> 0.0059141941 | ... Z33: =(PivotTables!AL29-PivotTables!AK29)/PivotTables!AK29 -> 0.0064420691
A34: 2021 | B34: =(PivotTables!K11-PivotTables!K10)/PivotTables!K10 -> 0.067500734 | C34: =PivotTables!F11 -> Health | D34: =(PivotTables!H11-PivotTables!G11)/PivotTables!G11 -> 0.07650559 | G34: =PivotTables!Q28 -> Health | H34: =(PivotTables!S28-PivotTables!R28)/PivotTables!R28 -> 0.062077839 | I34: =(PivotTables!T28-PivotTables!S28)/PivotTables!S28 -> 0.074588404 | J34: =(PivotTables!U28-PivotTables!T28)/PivotTables!T28 -> 0.042004004 | K34: =(PivotTables!V28-PivotTables!U28)/PivotTables!U28 -> 0.07650559 | L34: =(PivotTables!W28-PivotTables!V28)/PivotTables!V28 -> 0.060800965 | M34: =(PivotTables!X28-PivotTables!W28)/PivotTables!W28 -> 0.047946568 | O34: Health | P34: =(PivotTables!AB30-PivotTables!AA30)/PivotTables!AA30 -> 0.0033068783 | Q34: =(PivotTables!AC30-PivotTables!AB30)/PivotTables!AB30 -> 0.0039551747 | R34: =(PivotTables!AD30-PivotTables!AC30)/PivotTables!AC30 -> -0.010505581 | S34: =(PivotTables!AE30-PivotTables!AD30)/PivotTables!AD30 -> 0.0057509401 | T34: =(PivotTables!AF30-PivotTables!AE30)/PivotTables!AE30 -> 0.018693644 | U34: =(PivotTables!AG30-PivotTables!AF30)/PivotTables!AF30 -> 0 | V34: =(PivotTables!AH30-PivotTables!AG30)/PivotTables!AG30 -> 0.0038860104 | W34: =(PivotTables!AI30-PivotTables!AH30)/PivotTables!AH30 -> 0.0038709677 | ... Z34: =(PivotTables!AL30-PivotTables!AK30)/PivotTables!AK30 -> 0.0069974555
A35: 2022 | B35: =(PivotTables!K12-PivotTables!K11)/PivotTables!K11 -> 0.063885364 | C35: =PivotTables!F12 -> Housing | D35: =(PivotTables!H12-PivotTables!G12)/PivotTables!G12 -> 0.045332559 | G35: =PivotTables!Q29 -> Housing | H35: =(PivotTables!S29-PivotTables!R29)/PivotTables!R29 -> 0.063549349 | I35: =(PivotTables!T29-PivotTables!S29)/PivotTables!S29 -> 0.045006572 | J35: =(PivotTables!U29-PivotTables!T29)/PivotTables!T29 -> 0.026424712 | K35: =(PivotTables!V29-PivotTables!U29)/PivotTables!U29 -> 0.045332559 | L35: =(PivotTables!W29-PivotTables!V29)/PivotTables!V29 -> 0.057185715 | M35: =(PivotTables!X29-PivotTables!W29)/PivotTables!W29 -> 0.040127452 | O35: Housing | P35: =(PivotTables!AB31-PivotTables!AA31)/PivotTables!AA31 -> 0.0036654449 | Q35: =(PivotTables!AC31-PivotTables!AB31)/PivotTables!AB31 -> -0.00099601594 | R35: =(PivotTables!AD31-PivotTables!AC31)/PivotTables!AC31 -> 0.003434142 | S35: =(PivotTables!AE31-PivotTables!AD31)/PivotTables!AD31 -> -0.0084639729 | T35: =(PivotTables!AF31-PivotTables!AE31)/PivotTables!AE31 -> 0.0057526722 | U35: =(PivotTables!AG31-PivotTables!AF31)/PivotTables!AF31 -> 0 | V35: =(PivotTables!AH31-PivotTables!AG31)/PivotTables!AG31 -> 0.0092992361 | W35: =(PivotTables!AI31-PivotTables!AH31)/PivotTables!AH31 -> 0.0036196117 | ... Z35: =(PivotTables!AL31-PivotTables!AK31)/PivotTables!AK31 -> 0.0029296875
A36: 2023 | B36: =(PivotTables!K13-PivotTables!K12)/PivotTables!K12 -> 0.031166222 | C36: =PivotTables!F13 -> Other goods & services | D36: =(PivotTables!H13-PivotTables!G13)/PivotTables!G13 -> 0.065974135 | G36: =PivotTables!Q30 -> Other goods & services | H36: =(PivotTables!S30-PivotTables!R30)/PivotTables!R30 -> 0.057211538 | I36: =(PivotTables!T30-PivotTables!S30)/PivotTables!S30 -> 0.047533284 | J36: =(PivotTables!U30-PivotTables!T30)/PivotTables!T30 -> 0.077262747 | K36: =(PivotTables!V30-PivotTables!U30)/PivotTables!U30 -> 0.065974135 | L36: =(PivotTables!W30-PivotTables!V30)/PivotTables!V30 -> 0.049457594 | M36: =(PivotTables!X30-PivotTables!W30)/PivotTables!W30 -> 0.045078231 | O36: Other goods & services | P36: =(PivotTables!AB32-PivotTables!AA32)/PivotTables!AA32 -> 0.0048362277 | Q36: =(PivotTables!AC32-PivotTables!AB32)/PivotTables!AB32 -> 0.0067818858 | R36: =(PivotTables!AD32-PivotTables!AC32)/PivotTables!AC32 -> -0.0060843112 | S36: =(PivotTables!AE32-PivotTables!AD32)/PivotTables!AD32 -> -0.00053442161 | T36: =(PivotTables!AF32-PivotTables!AE32)/PivotTables!AE32 -> 0.054564457 | U36: =(PivotTables!AG32-PivotTables!AF32)/PivotTables!AF32 -> 0 | V36: =(PivotTables!AH32-PivotTables!AG32)/PivotTables!AG32 -> 0.0078821821 | W36: =(PivotTables!AI32-PivotTables!AH32)/PivotTables!AH32 -> 0.014200453 | ... Z36: =(PivotTables!AL32-PivotTables!AK32)/PivotTables!AK32 -> 0.00264013
C37: =PivotTables!F14 -> Recreation | D37: =(PivotTables!H14-PivotTables!G14)/PivotTables!G14 -> 0.068783271 | G37: =PivotTables!Q31 -> Recreation | H37: =(PivotTables!S31-PivotTables!R31)/PivotTables!R31 -> 0.051428948 | I37: =(PivotTables!T31-PivotTables!S31)/PivotTables!S31 -> 0.051555196 | J37: =(PivotTables!U31-PivotTables!T31)/PivotTables!T31 -> 0.040508883 | K37: =(PivotTables!V31-PivotTables!U31)/PivotTables!U31 -> 0.068783271 | L37: =(PivotTables!W31-PivotTables!V31)/PivotTables!V31 -> 0.06485647 | M37: =(PivotTables!X31-PivotTables!W31)/PivotTables!W31 -> 0.028416235 | O37: Recreation | P37: =(PivotTables!AB33-PivotTables!AA33)/PivotTables!AA33 -> 0.0028011204 | Q37: =(PivotTables!AC33-PivotTables!AB33)/PivotTables!AB33 -> 0.0034916201 | R37: =(PivotTables!AD33-PivotTables!AC33)/PivotTables!AC33 -> -0.0032475064 | S37: =(PivotTables!AE33-PivotTables!AD33)/PivotTables!AD33 -> -0.012101466 | T37: =(PivotTables!AF33-PivotTables!AE33)/PivotTables!AE33 -> 0.048056537 | U37: =(PivotTables!AG33-PivotTables!AF33)/PivotTables!AF33 -> 0 | V37: =(PivotTables!AH33-PivotTables!AG33)/PivotTables!AG33 -> -0.015509103 | W37: =(PivotTables!AI33-PivotTables!AH33)/PivotTables!AH33 -> 0.004109589 | ... Z37: =(PivotTables!AL33-PivotTables!AK33)/PivotTables!AK33 -> 0.00067385445
C38: =PivotTables!F15 -> Transport | D38: =(PivotTables!H15-PivotTables!G15)/PivotTables!G15 -> 0.11540757 | G38: =PivotTables!Q32 -> Transport | H38: =(PivotTables!S32-PivotTables!R32)/PivotTables!R32 -> 0.049360795 | I38: =(PivotTables!T32-PivotTables!S32)/PivotTables!S32 -> 0.020027688 | J38: =(PivotTables!U32-PivotTables!T32)/PivotTables!T32 -> 0.074763743 | K38: =(PivotTables!V32-PivotTables!U32)/PivotTables!U32 -> 0.11540757 | L38: =(PivotTables!W32-PivotTables!V32)/PivotTables!V32 -> 0.069961809 | M38: =(PivotTables!X32-PivotTables!W32)/PivotTables!W32 -> 0.019667891 | O38: Transport | P38: =(PivotTables!AB34-PivotTables!AA34)/PivotTables!AA34 -> -0.0045836516 | Q38: =(PivotTables!AC34-PivotTables!AB34)/PivotTables!AB34 -> -0.0030698388 | R38: =(PivotTables!AD34-PivotTables!AC34)/PivotTables!AC34 -> 0.0035925071 | S38: =(PivotTables!AE34-PivotTables!AD34)/PivotTables!AD34 -> -0.014318589 | T38: =(PivotTables!AF34-PivotTables!AE34)/PivotTables!AE34 -> 0.050583658 | U38: =(PivotTables!AG34-PivotTables!AF34)/PivotTables!AF34 -> 0 | V38: =(PivotTables!AH34-PivotTables!AG34)/PivotTables!AG34 -> 0.025925926 | W38: =(PivotTables!AI34-PivotTables!AH34)/PivotTables!AH34 -> 0.0079422383 | ... Z38: =(PivotTables!AL34-PivotTables!AK34)/PivotTables!AK34 -> 0.0021367521
G40: =PivotTables!Q34 -> 0
A54: Correlation of each category with crude oil prices | D54: =PivotTables!Q2 -> M-o-M Analysis: Category-wise[Period: 2021-23]
A55: Category | B55: Correlation | D55: =PivotTables!Q6 -> Category | E55: =PivotTables!S6 -> Jan-21 | F55: =PivotTables!T6 -> Feb-21 | G55: =PivotTables!U6 -> Mar-21 | H55: =PivotTables!V6 -> Apr-21 | I55: =PivotTables!W6 -> May-21 | J55: =PivotTables!X6 -> Jun-21 | K55: =PivotTables!Y6 -> Jul-21 | L55: =PivotTables!Z6 -> Aug-21 | ... AG55: =PivotTables!AU6 -> May-23
A56: Energy | B56: =CORREL(CrudeOil_prices[Value],PivotTables!S7:AU7) -> 0.57023946 | D56: =PivotTables!Q7 -> Energy | E56: =(PivotTables!S7-PivotTables!R7)/PivotTables!R7 -> 0.022821577 | F56: =(PivotTables!T7-PivotTables!S7)/PivotTables!S7 -> 0.030425963 | G56: =(PivotTables!U7-PivotTables!T7)/PivotTables!T7 -> 0.020341207 | H56: =(PivotTables!V7-PivotTables!U7)/PivotTables!U7 -> 0.00064308682 | I56: =(PivotTables!W7-PivotTables!V7)/PivotTables!V7 -> 0.024421594 | J56: =(PivotTables!X7-PivotTables!W7)/PivotTables!W7 -> 0.0025094103 | K56: =(PivotTables!Y7-PivotTables!X7)/PivotTables!X7 -> 0.0056320401 | L56: =(PivotTables!Z7-PivotTables!Y7)/PivotTables!Y7 -> 0.011823273 | ... AG56: =(PivotTables!AU7-PivotTables!AT7)/PivotTables!AT7 -> 0.0060539351
A57: Apparel | B57: =CORREL(CrudeOil_prices[Value],PivotTables!S8:AU8) -> 0.53102157 | D57: =PivotTables!Q8 -> Apparel | E57: =(PivotTables!S8-PivotTables!R8)/PivotTables!R8 -> 0.0039647577 | F57: =(PivotTables!T8-PivotTables!S8)/PivotTables!S8 -> 0.010092146 | G57: =(PivotTables!U8-PivotTables!T8)/PivotTables!T8 -> 0.0036924414 | H57: =(PivotTables!V8-PivotTables!U8)/PivotTables!U8 -> 0.0054100844 | I57: =(PivotTables!W8-PivotTables!V8)/PivotTables!V8 -> 0.020878175 | J57: =(PivotTables!X8-PivotTables!W8)/PivotTables!W8 -> 0.00084334809 | K57: =(PivotTables!Y8-PivotTables!X8)/PivotTables!X8 -> 0.0054771435 | L57: =(PivotTables!Z8-PivotTables!Y8)/PivotTables!Y8 -> 0.011942175 | ... AG57: =(PivotTables!AU8-PivotTables!AT8)/PivotTables!AT8 -> 0.0025371511
A58: Education | B58: =CORREL(CrudeOil_prices[Value],PivotTables!S9:AU9) -> 0.43780938 | D58: =PivotTables!Q9 -> Education | E58: =(PivotTables!S9-PivotTables!R9)/PivotTables!R9 -> -0.0012547051 | F58: =(PivotTables!T9-PivotTables!S9)/PivotTables!S9 -> 0.0018844221 | G58: =(PivotTables!U9-PivotTables!T9)/PivotTables!T9 -> 0.0043887147 | H58: =(PivotTables!V9-PivotTables!U9)/PivotTables!U9 -> 0.00062421973 | I58: =(PivotTables!W9-PivotTables!V9)/PivotTables!V9 -> 0.0056144729 | J58: =(PivotTables!X9-PivotTables!W9)/PivotTables!W9 -> 0.003101737 | K58: =(PivotTables!Y9-PivotTables!X9)/PivotTables!X9 -> 0.0092764378 | L58: =(PivotTables!Z9-PivotTables!Y9)/PivotTables!Y9 -> 0.0036764706 | ... AG58: =(PivotTables!AU9-PivotTables!AT9)/PivotTables!AT9 -> 0.003968254
A59: Food & Beverages | B59: =CORREL(CrudeOil_prices[Value],PivotTables!S10:AU10) -> 0.58419577 | D59: =PivotTables!Q10 -> Food & Beverages | E59: =(PivotTables!S10-PivotTables!R10)/PivotTables!R10 -> -0.01545683 | F59: =(PivotTables!T10-PivotTables!S10)/PivotTables!S10 -> -0.01791476 | G59: =(PivotTables!U10-PivotTables!T10)/PivotTables!T10 -> 4.9036434e-05 | H59: =(PivotTables!V10-PivotTables!U10)/PivotTables!U10 -> 0.012111405 | I59: =(PivotTables!W10-PivotTables!V10)/PivotTables!V10 -> 0.020154062 | J59: =(PivotTables!X10-PivotTables!W10)/PivotTables!W10 -> 0.013392221 | K59: =(PivotTables!Y10-PivotTables!X10)/PivotTables!X10 -> 0.0061389943 | L59: =(PivotTables!Z10-PivotTables!Y10)/PivotTables!Y10 -> -0.0023288309 | ... AG59: =(PivotTables!AU10-PivotTables!AT10)/PivotTables!AT10 -> 0.007555905
A60: Health | B60: =CORREL(CrudeOil_prices[Value],PivotTables!S11:AU11) -> 0.47641269 | D60: =PivotTables!Q11 -> Health | E60: =(PivotTables!S11-PivotTables!R11)/PivotTables!R11 -> 0.0063171194 | F60: =(PivotTables!T11-PivotTables!S11)/PivotTables!S11 -> 0.012554928 | G60: =(PivotTables!U11-PivotTables!T11)/PivotTables!T11 -> 0.0024798512 | H60: =(PivotTables!V11-PivotTables!U11)/PivotTables!U11 -> 0.0037105751 | I60: =(PivotTables!W11-PivotTables!V11)/PivotTables!V11 -> 0.021565003 | J60: =(PivotTables!X11-PivotTables!W11)/PivotTables!W11 -> 0.0030156815 | K60: =(PivotTables!Y11-PivotTables!X11)/PivotTables!X11 -> 0.0042092604 | L60: =(PivotTables!Z11-PivotTables!Y11)/PivotTables!Y11 -> 0.0083832335 | ... AG60: =(PivotTables!AU11-PivotTables!AT11)/PivotTables!AT11 -> 0.0037837838
A61: Housing | B61: =CORREL(CrudeOil_prices[Value],PivotTables!S12:AU12) -> 0.47772623 | D61: =PivotTables!Q12 -> Housing | E61: =(PivotTables!S12-PivotTables!R12)/PivotTables!R12 -> -0.0012982798 | F61: =(PivotTables!T12-PivotTables!S12)/PivotTables!S12 -> 0.0097497563 | G61: =(PivotTables!U12-PivotTables!T12)/PivotTables!T12 -> 0.0012874155 | H61: =(PivotTables!V12-PivotTables!U12)/PivotTables!U12 -> 0.0067502411 | I61: =(PivotTables!W12-PivotTables!V12)/PivotTables!V12 -> 0.0098978289 | J61: =(PivotTables!X12-PivotTables!W12)/PivotTables!W12 -> -0.0031615555 | K61: =(PivotTables!Y12-PivotTables!X12)/PivotTables!X12 -> 0.0063431652 | L61: =(PivotTables!Z12-PivotTables!Y12)/PivotTables!Y12 -> 0.0072486606 | ... AG61: =(PivotTables!AU12-PivotTables!AT12)/PivotTables!AT12 -> 0.0028587764
A62: Other goods & services | B62: =CORREL(CrudeOil_prices[Value],PivotTables!S13:AU13) -> 0.45072443 | D62: =PivotTables!Q13 -> Other goods & services | E62: =(PivotTables!S13-PivotTables!R13)/PivotTables!R13 -> 0.0030382824 | F62: =(PivotTables!T13-PivotTables!S13)/PivotTables!S13 -> 0.004644588 | G62: =(PivotTables!U13-PivotTables!T13)/PivotTables!T13 -> -0.0036180905 | H62: =(PivotTables!V13-PivotTables!U13)/PivotTables!U13 -> 0.0058503127 | I62: =(PivotTables!W13-PivotTables!V13)/PivotTables!V13 -> 0.017448857 | J62: =(PivotTables!X13-PivotTables!W13)/PivotTables!W13 -> -0.00019712202 | K62: =(PivotTables!Y13-PivotTables!X13)/PivotTables!X13 -> 0.0061119874 | L62: =(PivotTables!Z13-PivotTables!Y13)/PivotTables!Y13 -> 0.0035273369 | ... AG62: =(PivotTables!AU13-PivotTables!AT13)/PivotTables!AT13 -> 0.0041100786
A63: Recreation | B63: =CORREL(CrudeOil_prices[Value],PivotTables!S14:AU14) -> 0.58945628 | D63: =PivotTables!Q14 -> Recreation | E63: =(PivotTables!S14-PivotTables!R14)/PivotTables!R14 -> 0.0074074074 | F63: =(PivotTables!T14-PivotTables!S14)/PivotTables!S14 -> 0.012700535 | G63: =(PivotTables!U14-PivotTables!T14)/PivotTables!T14 -> 0.0072607261 | H63: =(PivotTables!V14-PivotTables!U14)/PivotTables!U14 -> 0.003931848 | I63: =(PivotTables!W14-PivotTables!V14)/PivotTables!V14 -> 0.016971279 | J63: =(PivotTables!X14-PivotTables!W14)/PivotTables!W14 -> -0.0057766367 | K63: =(PivotTables!Y14-PivotTables!X14)/PivotTables!X14 -> 0.0025823112 | L63: =(PivotTables!Z14-PivotTables!Y14)/PivotTables!Y14 -> 0.014810045 | ... AG63: =(PivotTables!AU14-PivotTables!AT14)/PivotTables!AT14 -> 0.0029291154
A64: Transport | B64: =CORREL(CrudeOil_prices[Value],PivotTables!S15:AU15) -> 0.66762748 | D64: =PivotTables!Q15 -> Transport | E64: =(PivotTables!S15-PivotTables!R15)/PivotTables!R15 -> 0.0085287846 | F64: =(PivotTables!T15-PivotTables!S15)/PivotTables!S15 -> 0.022551092 | G64: =(PivotTables!U15-PivotTables!T15)/PivotTables!T15 -> 0.0075809786 | H64: =(PivotTables!V15-PivotTables!U15)/PivotTables!U15 -> 0.0027359781 | I64: =(PivotTables!W15-PivotTables!V15)/PivotTables!V15 -> 0.01568895 | J64: =(PivotTables!X15-PivotTables!W15)/PivotTables!W15 -> 0.01208865 | K64: =(PivotTables!Y15-PivotTables!X15)/PivotTables!X15 -> 0.01592568 | L64: =(PivotTables!Z15-PivotTables!Y15)/PivotTables!Y15 -> 0.0058785108 | ... AG64: =(PivotTables!AU15-PivotTables!AT15)/PivotTables!AT15 -> 0.0018237082
A65: General Index | B65: =CORREL(CrudeOil_prices[Value],PivotTables!S16:AU16) -> 0.55317552 | D65: =PivotTables!Q16 -> General Index | E65: =(PivotTables!S16-PivotTables!R16)/PivotTables!R16 -> -0.010069226 | F65: =(PivotTables!T16-PivotTables!S16)/PivotTables!S16 -> -0.0044500954 | G65: =(PivotTables!U16-PivotTables!T16)/PivotTables!T16 -> 0.0012771392 | H65: =(PivotTables!V16-PivotTables!U16)/PivotTables!U16 -> 0.006377551 | I65: =(PivotTables!W16-PivotTables!V16)/PivotTables!V16 -> 0.016476553 | J65: =(PivotTables!X16-PivotTables!W16)/PivotTables!W16 -> 0.0056109726 | K65: =(PivotTables!Y16-PivotTables!X16)/PivotTables!X16 -> 0.0074395536 | L65: =(PivotTables!Z16-PivotTables!Y16)/PivotTables!Y16 -> 0.0043076923 | ... AG65: =(PivotTables!AU16-PivotTables!AT16)/PivotTables!AT16 -> 0.0056148231
A77: Y-o-Y General Index CPI Trend Analysis
B78: Inflation | E78: Trend
A79: =PivotTables!A45 -> Year | B79: =PivotTables!B45 -> Rural | C79: =PivotTables!C45 -> Urban | D79: =PivotTables!D45 -> Rural+Urban | E79: Rural | F79: Urban | G79: Rural+Urban
A80: =PivotTables!A47 -> 2014 | B80: =(PivotTables!B47-PivotTables!B46)/PivotTables!B46 -> 0.0678593 | C80: =(PivotTables!C47-PivotTables!C46)/PivotTables!C46 -> 0.06508021 | D80: =(PivotTables!D47-PivotTables!D46)/PivotTables!D46 -> 0.066495002
A81: =PivotTables!A48 -> 2015 | B81: =(PivotTables!B48-PivotTables!B47)/PivotTables!B47 -> 0.054428501 | C81: =(PivotTables!C48-PivotTables!C47)/PivotTables!C47 -> 0.042401313 | D81: =(PivotTables!D48-PivotTables!D47)/PivotTables!D47 -> 0.049069734 | E81: =B81-E80 -> 0.054428501 | F81: =C81-F80 -> 0.042401313 | G81: =D81-G80 -> 0.049069734
A82: =PivotTables!A49 -> 2016 | B82: =(PivotTables!B49-PivotTables!B48)/PivotTables!B48 -> 0.05604344 | C82: =(PivotTables!C49-PivotTables!C48)/PivotTables!C48 -> 0.042183113 | D82: =(PivotTables!D49-PivotTables!D48)/PivotTables!D48 -> 0.049482163 | E82: =B82-E81 -> 0.0016149396 | F82: =C82-F81 -> -0.00021820038 | G82: =D82-G81 -> 0.00041242899
A83: =PivotTables!A50 -> 2017 | B83: =(PivotTables!B50-PivotTables!B49)/PivotTables!B49 -> 0.033200025 | C83: =(PivotTables!C50-PivotTables!C49)/PivotTables!C49 -> 0.033116499 | D83: =(PivotTables!D50-PivotTables!D49)/PivotTables!D49 -> 0.033281734 | E83: =B83-E82 -> 0.031585086 | F83: =C83-F82 -> 0.033334699 | G83: =D83-G82 -> 0.032869305
A84: =PivotTables!A51 -> 2018 | B84: =(PivotTables!B51-PivotTables!B50)/PivotTables!B50 -> 0.037601376 | C84: =(PivotTables!C51-PivotTables!C50)/PivotTables!C50 -> 0.041785919 | D84: =(PivotTables!D51-PivotTables!D50)/PivotTables!D50 -> 0.039513109 | E84: =B84-E83 -> 0.0060162905 | F84: =C84-F83 -> 0.0084512192 | G84: =D84-G83 -> 0.0066438039
A85: =PivotTables!A52 -> 2019 | B85: =(PivotTables!B52-PivotTables!B51)/PivotTables!B51 -> 0.031609319 | C85: =(PivotTables!C52-PivotTables!C51)/PivotTables!C51 -> 0.047752248 | D85: =(PivotTables!D52-PivotTables!D51)/PivotTables!D51 -> 0.038961039 | E85: =B85-E84 -> 0.025593029 | F85: =C85-F84 -> 0.039301029 | G85: =D85-G84 -> 0.032317235
A86: =PivotTables!A53 -> 2020 | B86: =(PivotTables!B53-PivotTables!B52)/PivotTables!B52 -> 0.059935295 | C86: =(PivotTables!C53-PivotTables!C52)/PivotTables!C52 -> 0.058334746 | D86: =(PivotTables!D53-PivotTables!D52)/PivotTables!D52 -> 0.058604222 | E86: =B86-E85 -> 0.034342267 | F86: =C86-F85 -> 0.019033717 | G86: =D86-G85 -> 0.026286987
A87: =PivotTables!A54 -> 2021 | B87: =(PivotTables!B54-PivotTables!B53)/PivotTables!B53 -> 0.052962201 | C87: =(PivotTables!C54-PivotTables!C53)/PivotTables!C53 -> 0.062084786 | D87: =(PivotTables!D54-PivotTables!D53)/PivotTables!D53 -> 0.057831135 | E87: =B87-E86 -> 0.018619934 | F87: =C87-F86 -> 0.043051069 | G87: =D87-G86 -> 0.031544148
A88: =PivotTables!A55 -> 2022 | B88: =(PivotTables!B55-PivotTables!B54)/PivotTables!B54 -> 0.068452993 | C88: =(PivotTables!C55-PivotTables!C54)/PivotTables!C54 -> 0.063397439 | D88: =(PivotTables!D55-PivotTables!D54)/PivotTables!D54 -> 0.066219355 | E88: =B88-E87 -> 0.049833059 | F88: =C88-F87 -> 0.02034637 | G88: =D88-G87 -> 0.034675207
A89: =PivotTables!A56 -> 2023 | B89: =(PivotTables!B56-PivotTables!B55)/PivotTables!B55 -> 0.030931408 | C89: =(PivotTables!C56-PivotTables!C55)/PivotTables!C55 -> 0.033167593 | D89: =(PivotTables!D56-PivotTables!D55)/PivotTables!D55 -> 0.031774615 | E89: =B89-E88 -> -0.018901651 | F89: =C89-F88 -> 0.012821222 | G89: =D89-G88 -> -0.0029005914
A90: Sparklines
A92: M-o-M Inflation in General Index CPI: Trend Analysis [2017-2023]
A93: =PivotTables!A64 -> Sector | B93: =PivotTables!C64 -> Jan-17 | C93: =PivotTables!D64 -> Feb-17 | D93: =PivotTables!E64 -> Mar-17 | E93: =PivotTables!F64 -> Apr-17 | F93: =PivotTables!G64 -> May-17 | G93: =PivotTables!H64 -> Jun-17 | H93: =PivotTables!I64 -> Jul-17 | I93: =PivotTables!J64 -> Aug-17 | ... BY93: =PivotTables!BZ64 -> May-23
A94: =PivotTables!A65 -> Rural+Urban | B94: =(PivotTables!C65-PivotTables!B65)/PivotTables!B65 -> -0.00076687117 | C94: =(PivotTables!D65-PivotTables!C65)/PivotTables!C65 -> 0.0023023791 | D94: =(PivotTables!E65-PivotTables!D65)/PivotTables!D65 -> 0.0022970904 | E94: =(PivotTables!F65-PivotTables!E65)/PivotTables!E65 -> 0.0015278839 | F94: =(PivotTables!G65-PivotTables!F65)/PivotTables!F65 -> 0.0022883295 | G94: =(PivotTables!H65-PivotTables!G65)/PivotTables!G65 -> 0.00456621 | H94: =(PivotTables!I65-PivotTables!H65)/PivotTables!H65 -> 0.016666667 | I94: =(PivotTables!J65-PivotTables!I65)/PivotTables!I65 -> 0.0089418778 | ... BY94: =(PivotTables!BZ65-PivotTables!BY65)/PivotTables!BY65 -> 0.0056148231
A95: =PivotTables!A66 -> Rural | B95: =(PivotTables!C66-PivotTables!B66)/PivotTables!B66 -> -0.0030120482 | C95: =(PivotTables!D66-PivotTables!C66)/PivotTables!C66 -> 0.001510574 | D95: =(PivotTables!E66-PivotTables!D66)/PivotTables!D66 -> 0.0015082956 | E95: =(PivotTables!F66-PivotTables!E66)/PivotTables!E66 -> 0.00075301205 | F95: =(PivotTables!G66-PivotTables!F66)/PivotTables!F66 -> 0.0030097818 | G95: =(PivotTables!H66-PivotTables!G66)/PivotTables!G66 -> 0.0045011253 | H95: =(PivotTables!I66-PivotTables!H66)/PivotTables!H66 -> 0.017176998 | I95: =(PivotTables!J66-PivotTables!I66)/PivotTables!I66 -> 0.01174743 | ... BY95: =(PivotTables!BZ66-PivotTables!BY66)/PivotTables!BY66 -> 0.0055928412
A96: =PivotTables!A67 -> Urban | B96: =(PivotTables!C67-PivotTables!B67)/PivotTables!B67 -> 0.0015673981 | C96: =(PivotTables!D67-PivotTables!C67)/PivotTables!C67 -> 0.0031298905 | D96: =(PivotTables!E67-PivotTables!D67)/PivotTables!D67 -> 0.003900156 | E96: =(PivotTables!F67-PivotTables!E67)/PivotTables!E67 -> 0.0031080031 | F96: =(PivotTables!G67-PivotTables!F67)/PivotTables!F67 -> 0.0015491867 | G96: =(PivotTables!H67-PivotTables!G67)/PivotTables!G67 -> 0.0046403712 | H96: =(PivotTables!I67-PivotTables!H67)/PivotTables!H67 -> 0.014626636 | I96: =(PivotTables!J67-PivotTables!I67)/PivotTables!I67 -> 0.0068285281 | ... BY96: =(PivotTables!BZ67-PivotTables!BY67)/PivotTables!BY67 -> 0.0045095829

Sheet Dashboard
A1: INDIA CPI INFLATION & TREND ANALYSIS

Sheet CleaningRecord
B1: Cleaned | C1: Re-structured | D1: Imputed | E1: Re-structured2 | I1: Component | J1: Category
A2: 1. Total Columns | B2: =COUNTA(Table1[#Headers]) -> 31 | C2: =COUNTA(CPI_Inflation_Data_Structured[#Headers]) -> 8 | D2: =COUNTA(CPIDataImputed[#Headers]) -> 8 | E2: =COUNTA(CPIDataImputed_Structured1[#Headers]) -> 7 | I2: Cereals and products | J2: Food & Beverages
A3: 2. Total Records | B3: =COUNTA(Table1[Sector]) -> 372 | C3: =COUNTA(CPI_Inflation_Data_Structured[Year]) -> 3348 | D3: =COUNTA(CPIDataImputed[Year]) -> 3348 | E3: =COUNTA(CPIDataImputed_Structured1[Year]) -> 10044 | I3: Meat and fish | J3: Food & Beverages
A4: 3. Total Blanks | B4: =COUNTBLANK(Table1[]) -> 0 | C4: =COUNTBLANK(CPI_Inflation_Data_Structured[]) -> 0 | D4: =COUNTBLANK(CPIDataImputed[#All]) -> 0 | E4: =COUNTBLANK(CPIDataImputed_Structured1[]) -> 0 | I4: Egg | J4: Food & Beverages
A5: 4. Replaced "Marcrh" with "March" & "November " with "November" in month column. | I5: Milk and products | J5: Food & Beverages
I6: Oils and fats | J6: Food & Beverages
A7: Imputation made in Re-structured data | I7: Fruits | J7: Food & Beverages
I8: Vegetables | J8: Food & Beverages
A9: 5. Imputed blanks in Housing (Rural sector) with '0' as CPI is not calculated for this component by GOI | I9: Pulses and products | J9: Food & Beverages
I10: Sugar and Confectionery | J10: Food & Beverages
A11: 6. Imputed blanks of April20 with Sector-wise Moving Average of last 3 months (Jan20 to Mar20) | I11: Spices | J11: Food & Beverages
A12: Columns Imputed | I12: Non-alcoholic beverages | J12: Food & Beverages
A13: Meat and fish | I13: Prepared meals, snacks, sweets etc. | J13: Food & Beverages
A14: Prepared meals, snacks, sweets etc. | I14: Food and beverages | J14: Food & Beverages
A15: Pan, tobacco and intoxicants | I15: Pan, tobacco and intoxicants | J15: Other goods & services
A16: Clothing | I16: Clothing | J16: Apparel
A17: Footwear | I17: Footwear | J17: Apparel
A18: Clothing and footwear | I18: Clothing and footwear | J18: Apparel
A19: Household goods and services | I19: Fuel and light | J19: Energy
A20: Transport and communication | I20: Household goods and services | J20: Housing
A21: Recreation and amusement | I21: Health | J21: Health
A22: Education | I22: Housing | J22: Housing
... A25: General index | I25: Education | J25: Education
I26: Personal care and effects | J26: Other goods & services
A27: 7. Imputed blanks of May20 with Sector-wise Moving Average of last 3 months (Feb20 to Apr20) | I27: Miscellaneous | J27: Other goods & services
A28: Columns Imputed (All) | I28: General index | J28: General Index
A29: Cereals and products
A30: Meat and fish
A31: Egg
A32: Milk and products
A33: Oils and fats
A34: Fruits
A35: Vegetables
A36: Pulses and products
A37: Sugar and Confectionery
A38: Spices
A39: Non-alcoholic beverages
A40: Prepared meals, snacks, sweets etc.
... A66: General Index
